dst_path,image_path,design_name,file_name,designer
C:\Users\Asus\all pendrive design\dual hybrid\Krishna offer design\2018\butta.DST,C:\Users\Asus\embroidery-finder\dst_images\2018_butta.png,2018,butta.DST,Krishna
C:\Users\Asus\all pendrive design\dual hybrid\Krishna offer design\2018\front.DST,C:\Users\Asus\embroidery-finder\dst_images\2018_front.png,2018,front.DST,Krishna
C:\Users\Asus\all pendrive design\dual hybrid\Krishna offer design\2018\full sleeve decrease den.DST,C:\Users\Asus\embroidery-finder\dst_images\2018_full sleeve decrease den.png,2018,full sleeve decrease den.DST,Krishna
C:\Users\Asus\all pendrive design\dual hybrid\Krishna offer design\2018\FULL.DST,C:\Users\Asus\embroidery-finder\dst_images\2018_FULL.png,2018,FULL.DST,Krishna
C:\Users\Asus\all pendrive design\dual hybrid\Krishna offer design\2018\sleeve 2.DST,C:\Users\Asus\embroidery-finder\dst_images\2018_sleeve 2.png,2018,sleeve 2.DST,Krishna
C:\Users\Asus\all pendrive design\dual hybrid\Krishna offer design\2018\sleeve 3.DST,C:\Users\Asus\embroidery-finder\dst_images\2018_sleeve 3.png,2018,sleeve 3.DST,Krishna
C:\Users\Asus\all pendrive design\dual hybrid\Krishna offer design\2018\sleeve4.DST,C:\Users\Asus\embroidery-finder\dst_images\2018_sleeve4.png,2018,sleeve4.DST,Krishna
C:\Users\Asus\all pendrive design\dual hybrid\Krishna offer design\2232\butta.DST,C:\Users\Asus\embroidery-finder\dst_images\2232_butta.png,2232,butta.DST,Krishna
C:\Users\Asus\all pendrive design\dual hybrid\Krishna offer design\2232\front.DST,C:\Users\Asus\embroidery-finder\dst_images\2232_front.png,2232,front.DST,Krishna
C:\Users\Asus\all pendrive design\dual hybrid\Krishna offer design\2232\full.DST,C:\Users\Asus\embroidery-finder\dst_images\2232_full.png,2232,full.DST,Krishna
C:\Users\Asus\all pendrive design\dual hybrid\Krishna offer design\2232\sleeve 2.DST,C:\Users\Asus\embroidery-finder\dst_images\2232_sleeve 2.png,2232,sleeve 2.DST,Krishna
C:\Users\Asus\all pendrive design\dual hybrid\Krishna offer design\2232\sleeve.DST,C:\Users\Asus\embroidery-finder\dst_images\2232_sleeve.png,2232,sleeve.DST,Krishna
C:\Users\Asus\all pendrive design\dual hybrid\Krishna offer design\2260\butta.DST,C:\Users\Asus\embroidery-finder\dst_images\2260_butta.png,2260,butta.DST,Krishna
C:\Users\Asus\all pendrive design\dual hybrid\Krishna offer design\2260\front.DST,C:\Users\Asus\embroidery-finder\dst_images\2260_front.png,2260,front.DST,Krishna
C:\Users\Asus\all pendrive design\dual hybrid\Krishna offer design\2260\full.DST,C:\Users\Asus\embroidery-finder\dst_images\2260_full.png,2260,full.DST,Krishna
C:\Users\Asus\all pendrive design\dual hybrid\Krishna offer design\2260\sleeve 2.DST,C:\Users\Asus\embroidery-finder\dst_images\2260_sleeve 2.png,2260,sleeve 2.DST,Krishna
C:\Users\Asus\all pendrive design\dual hybrid\Krishna offer design\2260\sleeve 3.DST,C:\Users\Asus\embroidery-finder\dst_images\2260_sleeve 3.png,2260,sleeve 3.DST,Krishna
C:\Users\Asus\all pendrive design\dual hybrid\Krishna offer design\2260\sleeve.DST,C:\Users\Asus\embroidery-finder\dst_images\2260_sleeve.png,2260,sleeve.DST,Krishna
C:\Users\Asus\all pendrive design\dual hybrid\Krishna offer design\2269\front.DST,C:\Users\Asus\embroidery-finder\dst_images\2269_front.png,2269,front.DST,Krishna
C:\Users\Asus\all pendrive design\dual hybrid\Krishna offer design\2269\full.DST,C:\Users\Asus\embroidery-finder\dst_images\2269_full.png,2269,full.DST,Krishna
C:\Users\Asus\all pendrive design\dual hybrid\Krishna offer design\2269\sleeve 2.DST,C:\Users\Asus\embroidery-finder\dst_images\2269_sleeve 2.png,2269,sleeve 2.DST,Krishna
C:\Users\Asus\all pendrive design\dual hybrid\Krishna offer design\2269\sleeve.DST,C:\Users\Asus\embroidery-finder\dst_images\2269_sleeve.png,2269,sleeve.DST,Krishna
C:\Users\Asus\all pendrive design\dual hybrid\Krishna offer design\2269\tazzles.DST,C:\Users\Asus\embroidery-finder\dst_images\2269_tazzles.png,2269,tazzles.DST,Krishna
C:\Users\Asus\all pendrive design\dual hybrid\Krishna offer design\2286\butta 2.DST,C:\Users\Asus\embroidery-finder\dst_images\2286_butta 2.png,2286,butta 2.DST,Krishna
C:\Users\Asus\all pendrive design\dual hybrid\Krishna offer design\2286\butta.DST,C:\Users\Asus\embroidery-finder\dst_images\2286_butta.png,2286,butta.DST,Krishna
C:\Users\Asus\all pendrive design\dual hybrid\Krishna offer design\2286\front.DST,C:\Users\Asus\embroidery-finder\dst_images\2286_front.png,2286,front.DST,Krishna
C:\Users\Asus\all pendrive design\dual hybrid\Krishna offer design\2286\full.DST,C:\Users\Asus\embroidery-finder\dst_images\2286_full.png,2286,full.DST,Krishna
C:\Users\Asus\all pendrive design\dual hybrid\Krishna offer design\2286\sleeve 2.DST,C:\Users\Asus\embroidery-finder\dst_images\2286_sleeve 2.png,2286,sleeve 2.DST,Krishna
C:\Users\Asus\all pendrive design\dual hybrid\Krishna offer design\2286\sleeve.DST,C:\Users\Asus\embroidery-finder\dst_images\2286_sleeve.png,2286,sleeve.DST,Krishna
C:\Users\Asus\all pendrive design\dual hybrid\Krishna offer design\2309\FROUNT.DST,C:\Users\Asus\embroidery-finder\dst_images\2309_FROUNT.png,2309,FROUNT.DST,Krishna
C:\Users\Asus\all pendrive design\dual hybrid\Krishna offer design\2309\FULL SLEEVE.DST,C:\Users\Asus\embroidery-finder\dst_images\2309_FULL SLEEVE.png,2309,FULL SLEEVE.DST,Krishna
C:\Users\Asus\all pendrive design\dual hybrid\Krishna offer design\2309\FULL.DST,C:\Users\Asus\embroidery-finder\dst_images\2309_FULL.png,2309,FULL.DST,Krishna
C:\Users\Asus\all pendrive design\dual hybrid\Krishna offer design\2383\FROUNT.DST,C:\Users\Asus\embroidery-finder\dst_images\2383_FROUNT.png,2383,FROUNT.DST,Krishna
C:\Users\Asus\all pendrive design\dual hybrid\Krishna offer design\2383\FULL.DST,C:\Users\Asus\embroidery-finder\dst_images\2383_FULL.png,2383,FULL.DST,Krishna
C:\Users\Asus\all pendrive design\dual hybrid\Krishna offer design\2383\SLEEVE BUTTA.DST,C:\Users\Asus\embroidery-finder\dst_images\2383_SLEEVE BUTTA.png,2383,SLEEVE BUTTA.DST,Krishna
C:\Users\Asus\all pendrive design\dual hybrid\Krishna offer design\2383\SLEEVE LINE.DST,C:\Users\Asus\embroidery-finder\dst_images\2383_SLEEVE LINE.png,2383,SLEEVE LINE.DST,Krishna
C:\Users\Asus\all pendrive design\dual hybrid\Krishna offer design\2385\EDIT BUTTA.DST,C:\Users\Asus\embroidery-finder\dst_images\2385_EDIT BUTTA.png,2385,EDIT BUTTA.DST,Krishna
C:\Users\Asus\all pendrive design\dual hybrid\Krishna offer design\2385\FROUNT.DST,C:\Users\Asus\embroidery-finder\dst_images\2385_FROUNT.png,2385,FROUNT.DST,Krishna
C:\Users\Asus\all pendrive design\dual hybrid\Krishna offer design\2385\FULL SLEEVE.DST,C:\Users\Asus\embroidery-finder\dst_images\2385_FULL SLEEVE.png,2385,FULL SLEEVE.DST,Krishna
C:\Users\Asus\all pendrive design\dual hybrid\Krishna offer design\2385\FULL.DST,C:\Users\Asus\embroidery-finder\dst_images\2385_FULL.png,2385,FULL.DST,Krishna
C:\Users\Asus\all pendrive design\dual hybrid\Krishna offer design\2385\SLEEVE BUTTA.DST,C:\Users\Asus\embroidery-finder\dst_images\2385_SLEEVE BUTTA.png,2385,SLEEVE BUTTA.DST,Krishna
C:\Users\Asus\all pendrive design\dual hybrid\Krishna offer design\2385\SLEEVE LINE.DST,C:\Users\Asus\embroidery-finder\dst_images\2385_SLEEVE LINE.png,2385,SLEEVE LINE.DST,Krishna
C:\Users\Asus\all pendrive design\dual hybrid\Krishna offer design\2394\front.DST,C:\Users\Asus\embroidery-finder\dst_images\2394_front.png,2394,front.DST,Krishna
C:\Users\Asus\all pendrive design\dual hybrid\Krishna offer design\2394\FULL SLEEVE.DST,C:\Users\Asus\embroidery-finder\dst_images\2394_FULL SLEEVE.png,2394,FULL SLEEVE.DST,Krishna
C:\Users\Asus\all pendrive design\dual hybrid\Krishna offer design\2394\FULL.DST,C:\Users\Asus\embroidery-finder\dst_images\2394_FULL.png,2394,FULL.DST,Krishna
C:\Users\Asus\all pendrive design\dual hybrid\Krishna offer design\2394\sleeve line.DST,C:\Users\Asus\embroidery-finder\dst_images\2394_sleeve line.png,2394,sleeve line.DST,Krishna
C:\Users\Asus\all pendrive design\dual hybrid\Krishna offer design\2810\front.DST,C:\Users\Asus\embroidery-finder\dst_images\2810_front.png,2810,front.DST,Krishna
C:\Users\Asus\all pendrive design\dual hybrid\Krishna offer design\2810\FULL.DST,C:\Users\Asus\embroidery-finder\dst_images\2810_FULL.png,2810,FULL.DST,Krishna
C:\Users\Asus\all pendrive design\dual hybrid\Krishna offer design\2810\SLEEVE BUTTA.DST,C:\Users\Asus\embroidery-finder\dst_images\2810_SLEEVE BUTTA.png,2810,SLEEVE BUTTA.DST,Krishna
C:\Users\Asus\all pendrive design\dual hybrid\Krishna offer design\2810\SLEEVE LINE.DST,C:\Users\Asus\embroidery-finder\dst_images\2810_SLEEVE LINE.png,2810,SLEEVE LINE.DST,Krishna
C:\Users\Asus\all pendrive design\dual hybrid\Bindu Design\0456 design\back (2).DST,C:\Users\Asus\embroidery-finder\dst_images\Bindu_0456 design_back (2).png,0456 design,back (2).DST,Bindu
C:\Users\Asus\all pendrive design\dual hybrid\Bindu Design\0456 design\hand full.DST,C:\Users\Asus\embroidery-finder\dst_images\Bindu_0456 design_hand full.png,0456 design,hand full.DST,Bindu
C:\Users\Asus\all pendrive design\dual hybrid\Bindu Design\0456 design\LN Dgn - 0456 F.DST,C:\Users\Asus\embroidery-finder\dst_images\Bindu_0456 design_LN Dgn - 0456 F.png,0456 design,LN Dgn - 0456 F.DST,Bindu
C:\Users\Asus\all pendrive design\dual hybrid\Bindu Design\0456 design\LN Dgn - 0456 H1.DST,C:\Users\Asus\embroidery-finder\dst_images\Bindu_0456 design_LN Dgn - 0456 H1.png,0456 design,LN Dgn - 0456 H1.DST,Bindu
C:\Users\Asus\all pendrive design\dual hybrid\Bindu Design\0456 design\LN Dgn - 0456 Hs.DST,C:\Users\Asus\embroidery-finder\dst_images\Bindu_0456 design_LN Dgn - 0456 Hs.png,0456 design,LN Dgn - 0456 Hs.DST,Bindu
C:\Users\Asus\all pendrive design\dual hybrid\Bindu Design\0456 design\LN Dgn - 0456 SHORT HAND.DST,C:\Users\Asus\embroidery-finder\dst_images\Bindu_0456 design_LN Dgn - 0456 SHORT HAND.png,0456 design,LN Dgn - 0456 SHORT HAND.DST,Bindu
C:\Users\Asus\all pendrive design\dual hybrid\Bindu Design\0572\5-6-10.DST,C:\Users\Asus\embroidery-finder\dst_images\Bindu_0572_5-6-10.png,0572,5-6-10.DST,Bindu
C:\Users\Asus\all pendrive design\dual hybrid\Bindu Design\0572\f.DST,C:\Users\Asus\embroidery-finder\dst_images\Bindu_0572_f.png,0572,f.DST,Bindu
C:\Users\Asus\all pendrive design\dual hybrid\Bindu Design\0572\front.DST,C:\Users\Asus\embroidery-finder\dst_images\Bindu_0572_front.png,0572,front.DST,Bindu
C:\Users\Asus\all pendrive design\dual hybrid\Bindu Design\0572\h1.DST,C:\Users\Asus\embroidery-finder\dst_images\Bindu_0572_h1.png,0572,h1.DST,Bindu
C:\Users\Asus\all pendrive design\dual hybrid\Bindu Design\0572\LN Dgn - 0572 B.DST,C:\Users\Asus\embroidery-finder\dst_images\Bindu_0572_LN Dgn - 0572 B.png,0572,LN Dgn - 0572 B.DST,Bindu
C:\Users\Asus\all pendrive design\dual hybrid\Bindu Design\0572\LN Dgn - 0572 B1.DST,C:\Users\Asus\embroidery-finder\dst_images\Bindu_0572_LN Dgn - 0572 B1.png,0572,LN Dgn - 0572 B1.DST,Bindu
C:\Users\Asus\all pendrive design\dual hybrid\Bindu Design\0572\LN Dgn - 0572 back.DST,C:\Users\Asus\embroidery-finder\dst_images\Bindu_0572_LN Dgn - 0572 back.png,0572,LN Dgn - 0572 back.DST,Bindu
C:\Users\Asus\all pendrive design\dual hybrid\Bindu Design\0572\LN Dgn - 0572 F.DST,C:\Users\Asus\embroidery-finder\dst_images\Bindu_0572_LN Dgn - 0572 F.png,0572,LN Dgn - 0572 F.DST,Bindu
C:\Users\Asus\all pendrive design\dual hybrid\Bindu Design\0572\LN Dgn - 0572 H1.DST,C:\Users\Asus\embroidery-finder\dst_images\Bindu_0572_LN Dgn - 0572 H1.png,0572,LN Dgn - 0572 H1.DST,Bindu
C:\Users\Asus\all pendrive design\dual hybrid\Bindu Design\0572\LN Dgn - 0572 Hand full.DST,C:\Users\Asus\embroidery-finder\dst_images\Bindu_0572_LN Dgn - 0572 Hand full.png,0572,LN Dgn - 0572 Hand full.DST,Bindu
C:\Users\Asus\all pendrive design\dual hybrid\Bindu Design\0572\LN-Alter neck.DST,C:\Users\Asus\embroidery-finder\dst_images\Bindu_0572_LN-Alter neck.png,0572,LN-Alter neck.DST,Bindu
C:\Users\Asus\all pendrive design\dual hybrid\Bindu Design\0572\R-BACK.DST,C:\Users\Asus\embroidery-finder\dst_images\Bindu_0572_R-BACK.png,0572,R-BACK.DST,Bindu
C:\Users\Asus\all pendrive design\dual hybrid\Bindu Design\0572\small hand.DST,C:\Users\Asus\embroidery-finder\dst_images\Bindu_0572_small hand.png,0572,small hand.DST,Bindu
C:\Users\Asus\all pendrive design\dual hybrid\Bindu Design\126 design\126_ (2nd).DST,C:\Users\Asus\embroidery-finder\dst_images\Bindu_126 design_126_ (2nd).png,126 design,126_ (2nd).DST,Bindu
C:\Users\Asus\all pendrive design\dual hybrid\Bindu Design\126 design\126_ (HAND).DST,C:\Users\Asus\embroidery-finder\dst_images\Bindu_126 design_126_ (HAND).png,126 design,126_ (HAND).DST,Bindu
C:\Users\Asus\all pendrive design\dual hybrid\Bindu Design\126 design\126_ bn.DST,C:\Users\Asus\embroidery-finder\dst_images\Bindu_126 design_126_ bn.png,126 design,126_ bn.DST,Bindu
C:\Users\Asus\all pendrive design\dual hybrid\Bindu Design\126 design\126_ H.DST,C:\Users\Asus\embroidery-finder\dst_images\Bindu_126 design_126_ H.png,126 design,126_ H.DST,Bindu
C:\Users\Asus\all pendrive design\dual hybrid\Bindu Design\126 design\126_BN.DST,C:\Users\Asus\embroidery-finder\dst_images\Bindu_126 design_126_BN.png,126 design,126_BN.DST,Bindu
C:\Users\Asus\all pendrive design\dual hybrid\Bindu Design\126 design\126_buti 2.DST,C:\Users\Asus\embroidery-finder\dst_images\Bindu_126 design_126_buti 2.png,126 design,126_buti 2.DST,Bindu
C:\Users\Asus\all pendrive design\dual hybrid\Bindu Design\126 design\126_buti.DST,C:\Users\Asus\embroidery-finder\dst_images\Bindu_126 design_126_buti.png,126 design,126_buti.DST,Bindu
C:\Users\Asus\all pendrive design\dual hybrid\Bindu Design\1689 design\B1-LC 1689.DST,C:\Users\Asus\embroidery-finder\dst_images\Bindu_1689 design_B1-LC 1689.png,1689 design,B1-LC 1689.DST,Bindu
C:\Users\Asus\all pendrive design\dual hybrid\Bindu Design\1689 design\B2-LC 1689.DST,C:\Users\Asus\embroidery-finder\dst_images\Bindu_1689 design_B2-LC 1689.png,1689 design,B2-LC 1689.DST,Bindu
C:\Users\Asus\all pendrive design\dual hybrid\Bindu Design\1689 design\B3-LC 1689.DST,C:\Users\Asus\embroidery-finder\dst_images\Bindu_1689 design_B3-LC 1689.png,1689 design,B3-LC 1689.DST,Bindu
C:\Users\Asus\all pendrive design\dual hybrid\Bindu Design\1689 design\FR-LC 1689.DST,C:\Users\Asus\embroidery-finder\dst_images\Bindu_1689 design_FR-LC 1689.png,1689 design,FR-LC 1689.DST,Bindu
C:\Users\Asus\all pendrive design\dual hybrid\Bindu Design\1689 design\FR1-LC 1689.DST,C:\Users\Asus\embroidery-finder\dst_images\Bindu_1689 design_FR1-LC 1689.png,1689 design,FR1-LC 1689.DST,Bindu
C:\Users\Asus\all pendrive design\dual hybrid\Bindu Design\1689 design\FULL-LC 1689.DST,C:\Users\Asus\embroidery-finder\dst_images\Bindu_1689 design_FULL-LC 1689.png,1689 design,FULL-LC 1689.DST,Bindu
C:\Users\Asus\all pendrive design\dual hybrid\Bindu Design\1689 design\FULL1-LC 1689.DST,C:\Users\Asus\embroidery-finder\dst_images\Bindu_1689 design_FULL1-LC 1689.png,1689 design,FULL1-LC 1689.DST,Bindu
C:\Users\Asus\all pendrive design\dual hybrid\Bindu Design\1689 design\H-LC 1689.DST,C:\Users\Asus\embroidery-finder\dst_images\Bindu_1689 design_H-LC 1689.png,1689 design,H-LC 1689.DST,Bindu
C:\Users\Asus\all pendrive design\dual hybrid\Bindu Design\1689 design\H1-LC 1689.DST,C:\Users\Asus\embroidery-finder\dst_images\Bindu_1689 design_H1-LC 1689.png,1689 design,H1-LC 1689.DST,Bindu
C:\Users\Asus\all pendrive design\dual hybrid\Bindu Design\1689 design\H1A-LC 1689.DST,C:\Users\Asus\embroidery-finder\dst_images\Bindu_1689 design_H1A-LC 1689.png,1689 design,H1A-LC 1689.DST,Bindu
C:\Users\Asus\all pendrive design\dual hybrid\Bindu Design\1689 design\HAND-LC 1689.DST,C:\Users\Asus\embroidery-finder\dst_images\Bindu_1689 design_HAND-LC 1689.png,1689 design,HAND-LC 1689.DST,Bindu
C:\Users\Asus\all pendrive design\dual hybrid\Bindu Design\1689 design\HFULL2-LC 1689.DST,C:\Users\Asus\embroidery-finder\dst_images\Bindu_1689 design_HFULL2-LC 1689.png,1689 design,HFULL2-LC 1689.DST,Bindu
C:\Users\Asus\all pendrive design\dual hybrid\Bindu Design\1689 design\LEFT-LC 1689.DST,C:\Users\Asus\embroidery-finder\dst_images\Bindu_1689 design_LEFT-LC 1689.png,1689 design,LEFT-LC 1689.DST,Bindu
C:\Users\Asus\all pendrive design\dual hybrid\Bindu Design\1689 design\RIGHT-LC 1689.DST,C:\Users\Asus\embroidery-finder\dst_images\Bindu_1689 design_RIGHT-LC 1689.png,1689 design,RIGHT-LC 1689.DST,Bindu
C:\Users\Asus\all pendrive design\dual hybrid\Bindu Design\1948 ganji design\HB1948 B1.DST,C:\Users\Asus\embroidery-finder\dst_images\Bindu_1948 ganji design_HB1948 B1.png,1948 ganji design,HB1948 B1.DST,Bindu
C:\Users\Asus\all pendrive design\dual hybrid\Bindu Design\1948 ganji design\HB1948 B2.DST,C:\Users\Asus\embroidery-finder\dst_images\Bindu_1948 ganji design_HB1948 B2.png,1948 ganji design,HB1948 B2.DST,Bindu
C:\Users\Asus\all pendrive design\dual hybrid\Bindu Design\1948 ganji design\HB1948 FR.DST,C:\Users\Asus\embroidery-finder\dst_images\Bindu_1948 ganji design_HB1948 FR.png,1948 ganji design,HB1948 FR.DST,Bindu
C:\Users\Asus\all pendrive design\dual hybrid\Bindu Design\1948 ganji design\HB1948 FR1.DST,C:\Users\Asus\embroidery-finder\dst_images\Bindu_1948 ganji design_HB1948 FR1.png,1948 ganji design,HB1948 FR1.DST,Bindu
C:\Users\Asus\all pendrive design\dual hybrid\Bindu Design\1948 ganji design\HB1948 FULL.DST,C:\Users\Asus\embroidery-finder\dst_images\Bindu_1948 ganji design_HB1948 FULL.png,1948 ganji design,HB1948 FULL.DST,Bindu
C:\Users\Asus\all pendrive design\dual hybrid\Bindu Design\1948 ganji design\HB1948 FULL1.DST,C:\Users\Asus\embroidery-finder\dst_images\Bindu_1948 ganji design_HB1948 FULL1.png,1948 ganji design,HB1948 FULL1.DST,Bindu
C:\Users\Asus\all pendrive design\dual hybrid\Bindu Design\1948 ganji design\HB1948 HAND.DST,C:\Users\Asus\embroidery-finder\dst_images\Bindu_1948 ganji design_HB1948 HAND.png,1948 ganji design,HB1948 HAND.DST,Bindu
C:\Users\Asus\all pendrive design\dual hybrid\Bindu Design\1948 ganji design\HB1948 HAND1.DST,C:\Users\Asus\embroidery-finder\dst_images\Bindu_1948 ganji design_HB1948 HAND1.png,1948 ganji design,HB1948 HAND1.DST,Bindu
C:\Users\Asus\all pendrive design\dual hybrid\Bindu Design\1948 ganji design\HB1948 HANDFULL.DST,C:\Users\Asus\embroidery-finder\dst_images\Bindu_1948 ganji design_HB1948 HANDFULL.png,1948 ganji design,HB1948 HANDFULL.DST,Bindu
C:\Users\Asus\all pendrive design\dual hybrid\Bindu Design\1948 ganji design\HB1948 LEFTH.DST,C:\Users\Asus\embroidery-finder\dst_images\Bindu_1948 ganji design_HB1948 LEFTH.png,1948 ganji design,HB1948 LEFTH.DST,Bindu
C:\Users\Asus\all pendrive design\dual hybrid\Bindu Design\1948 ganji design\HB1948 RIGHTH.DST,C:\Users\Asus\embroidery-finder\dst_images\Bindu_1948 ganji design_HB1948 RIGHTH.png,1948 ganji design,HB1948 RIGHTH.DST,Bindu
C:\Users\Asus\all pendrive design\dual hybrid\Bindu Design\293 design\BH293 B1.DST,C:\Users\Asus\embroidery-finder\dst_images\Bindu_293 design_BH293 B1.png,293 design,BH293 B1.DST,Bindu
C:\Users\Asus\all pendrive design\dual hybrid\Bindu Design\293 design\BH293 BACK.DST,C:\Users\Asus\embroidery-finder\dst_images\Bindu_293 design_BH293 BACK.png,293 design,BH293 BACK.DST,Bindu
C:\Users\Asus\all pendrive design\dual hybrid\Bindu Design\293 design\BH293 FR.DST,C:\Users\Asus\embroidery-finder\dst_images\Bindu_293 design_BH293 FR.png,293 design,BH293 FR.DST,Bindu
C:\Users\Asus\all pendrive design\dual hybrid\Bindu Design\293 design\BH293 HAND FULL.DST,C:\Users\Asus\embroidery-finder\dst_images\Bindu_293 design_BH293 HAND FULL.png,293 design,BH293 HAND FULL.DST,Bindu
C:\Users\Asus\all pendrive design\dual hybrid\Bindu Design\293 design\BH293 HAND1J.DST,C:\Users\Asus\embroidery-finder\dst_images\Bindu_293 design_BH293 HAND1J.png,293 design,BH293 HAND1J.DST,Bindu
C:\Users\Asus\all pendrive design\dual hybrid\Bindu Design\293 design\BH293 HANDJ.DST,C:\Users\Asus\embroidery-finder\dst_images\Bindu_293 design_BH293 HANDJ.png,293 design,BH293 HANDJ.DST,Bindu
C:\Users\Asus\all pendrive design\dual hybrid\Bindu Design\370 design\370 Buti 18.DST,C:\Users\Asus\embroidery-finder\dst_images\Bindu_370 design_370 Buti 18.png,370 design,370 Buti 18.DST,Bindu
C:\Users\Asus\all pendrive design\dual hybrid\Bindu Design\370 design\370 Front 18.DST,C:\Users\Asus\embroidery-finder\dst_images\Bindu_370 design_370 Front 18.png,370 design,370 Front 18.DST,Bindu
C:\Users\Asus\all pendrive design\dual hybrid\Bindu Design\370 design\370 Hand 18.DST,C:\Users\Asus\embroidery-finder\dst_images\Bindu_370 design_370 Hand 18.png,370 design,370 Hand 18.DST,Bindu
C:\Users\Asus\all pendrive design\dual hybrid\Bindu Design\370 design\hand.DST,C:\Users\Asus\embroidery-finder\dst_images\Bindu_370 design_hand.png,370 design,hand.DST,Bindu
C:\Users\Asus\all pendrive design\dual hybrid\Bindu Design\370 design\neck (1).DST,C:\Users\Asus\embroidery-finder\dst_images\Bindu_370 design_neck (1).png,370 design,neck (1).DST,Bindu
C:\Users\Asus\all pendrive design\dual hybrid\Bindu Design\602 design\602_B1.DST,C:\Users\Asus\embroidery-finder\dst_images\Bindu_602 design_602_B1.png,602 design,602_B1.DST,Bindu
C:\Users\Asus\all pendrive design\dual hybrid\Bindu Design\602 design\602_B2.DST,C:\Users\Asus\embroidery-finder\dst_images\Bindu_602 design_602_B2.png,602 design,602_B2.DST,Bindu
C:\Users\Asus\all pendrive design\dual hybrid\Bindu Design\602 design\602_F.DST,C:\Users\Asus\embroidery-finder\dst_images\Bindu_602 design_602_F.png,602 design,602_F.DST,Bindu
C:\Users\Asus\all pendrive design\dual hybrid\Bindu Design\602 design\602_H1.DST,C:\Users\Asus\embroidery-finder\dst_images\Bindu_602 design_602_H1.png,602 design,602_H1.DST,Bindu
C:\Users\Asus\all pendrive design\dual hybrid\Bindu Design\602 design\602_H2.DST,C:\Users\Asus\embroidery-finder\dst_images\Bindu_602 design_602_H2.png,602 design,602_H2.DST,Bindu
C:\Users\Asus\all pendrive design\dual hybrid\Bindu Design\602 design\back(9865225519).DST,C:\Users\Asus\embroidery-finder\dst_images\Bindu_602 design_back(9865225519).png,602 design,back(9865225519).DST,Bindu
C:\Users\Asus\all pendrive design\dual hybrid\Bindu Design\602 design\hand full(9865225519).DST,C:\Users\Asus\embroidery-finder\dst_images\Bindu_602 design_hand full(9865225519).png,602 design,hand full(9865225519).DST,Bindu
C:\Users\Asus\all pendrive design\dual hybrid\Bindu Design\678\5-6.5-10.DST,C:\Users\Asus\embroidery-finder\dst_images\Bindu_678_5-6.5-10.png,678,5-6.5-10.DST,Bindu
C:\Users\Asus\all pendrive design\dual hybrid\Bindu Design\678\BH344 B1.DST,C:\Users\Asus\embroidery-finder\dst_images\Bindu_678_BH344 B1.png,678,BH344 B1.DST,Bindu
C:\Users\Asus\all pendrive design\dual hybrid\Bindu Design\678\BH344 B2.DST,C:\Users\Asus\embroidery-finder\dst_images\Bindu_678_BH344 B2.png,678,BH344 B2.DST,Bindu
C:\Users\Asus\all pendrive design\dual hybrid\Bindu Design\678\BH344 B3.DST,C:\Users\Asus\embroidery-finder\dst_images\Bindu_678_BH344 B3.png,678,BH344 B3.DST,Bindu
C:\Users\Asus\all pendrive design\dual hybrid\Bindu Design\678\BH344 FR.DST,C:\Users\Asus\embroidery-finder\dst_images\Bindu_678_BH344 FR.png,678,BH344 FR.DST,Bindu
C:\Users\Asus\all pendrive design\dual hybrid\Bindu Design\678\BH344 FR1.DST,C:\Users\Asus\embroidery-finder\dst_images\Bindu_678_BH344 FR1.png,678,BH344 FR1.DST,Bindu
C:\Users\Asus\all pendrive design\dual hybrid\Bindu Design\678\BH344 FULL.DST,C:\Users\Asus\embroidery-finder\dst_images\Bindu_678_BH344 FULL.png,678,BH344 FULL.DST,Bindu
C:\Users\Asus\all pendrive design\dual hybrid\Bindu Design\678\BH344 FULL1.DST,C:\Users\Asus\embroidery-finder\dst_images\Bindu_678_BH344 FULL1.png,678,BH344 FULL1.DST,Bindu
C:\Users\Asus\all pendrive design\dual hybrid\Bindu Design\678\BH344 HAND.DST,C:\Users\Asus\embroidery-finder\dst_images\Bindu_678_BH344 HAND.png,678,BH344 HAND.DST,Bindu
C:\Users\Asus\all pendrive design\dual hybrid\Bindu Design\678\BH344 HAND1.DST,C:\Users\Asus\embroidery-finder\dst_images\Bindu_678_BH344 HAND1.png,678,BH344 HAND1.DST,Bindu
C:\Users\Asus\all pendrive design\dual hybrid\Bindu Design\678\BH344 HANDB.DST,C:\Users\Asus\embroidery-finder\dst_images\Bindu_678_BH344 HANDB.png,678,BH344 HANDB.DST,Bindu
C:\Users\Asus\all pendrive design\dual hybrid\Bindu Design\678\BH344 HANDFULL.DST,C:\Users\Asus\embroidery-finder\dst_images\Bindu_678_BH344 HANDFULL.png,678,BH344 HANDFULL.DST,Bindu
C:\Users\Asus\all pendrive design\dual hybrid\Bindu Design\678\BH344 LEFTH.DST,C:\Users\Asus\embroidery-finder\dst_images\Bindu_678_BH344 LEFTH.png,678,BH344 LEFTH.DST,Bindu
C:\Users\Asus\all pendrive design\dual hybrid\Bindu Design\678\BH344 RIGHTH.DST,C:\Users\Asus\embroidery-finder\dst_images\Bindu_678_BH344 RIGHTH.png,678,BH344 RIGHTH.DST,Bindu
C:\Users\Asus\all pendrive design\dual hybrid\Bindu Design\678\front no butta.DST,C:\Users\Asus\embroidery-finder\dst_images\Bindu_678_front no butta.png,678,front no butta.DST,Bindu
C:\Users\Asus\all pendrive design\dual hybrid\Bindu Design\97\097full.DST,C:\Users\Asus\embroidery-finder\dst_images\Bindu_97_097full.png,97,097full.DST,Bindu
C:\Users\Asus\all pendrive design\dual hybrid\Bindu Design\97\097_Buti2.DST,C:\Users\Asus\embroidery-finder\dst_images\Bindu_97_097_Buti2.png,97,097_Buti2.DST,Bindu
C:\Users\Asus\all pendrive design\dual hybrid\Bindu Design\97\097_Front.DST,C:\Users\Asus\embroidery-finder\dst_images\Bindu_97_097_Front.png,97,097_Front.DST,Bindu
C:\Users\Asus\all pendrive design\dual hybrid\Bindu Design\97\097_Front2.DST,C:\Users\Asus\embroidery-finder\dst_images\Bindu_97_097_Front2.png,97,097_Front2.DST,Bindu
C:\Users\Asus\all pendrive design\dual hybrid\Bindu Design\97\097_hand1.DST,C:\Users\Asus\embroidery-finder\dst_images\Bindu_97_097_hand1.png,97,097_hand1.DST,Bindu
C:\Users\Asus\all pendrive design\dual hybrid\Bindu Design\97\097_hand2.DST,C:\Users\Asus\embroidery-finder\dst_images\Bindu_97_097_hand2.png,97,097_hand2.DST,Bindu
C:\Users\Asus\all pendrive design\dual hybrid\Bindu Design\97\097_Left.DST,C:\Users\Asus\embroidery-finder\dst_images\Bindu_97_097_Left.png,97,097_Left.DST,Bindu
C:\Users\Asus\all pendrive design\dual hybrid\Bindu Design\97\097_Right.DST,C:\Users\Asus\embroidery-finder\dst_images\Bindu_97_097_Right.png,97,097_Right.DST,Bindu
C:\Users\Asus\all pendrive design\dual hybrid\Bindu Design\97 bindu\BK.DST,C:\Users\Asus\embroidery-finder\dst_images\Bindu_97 bindu_BK.png,97 bindu,BK.DST,Bindu
C:\Users\Asus\all pendrive design\dual hybrid\Bindu Design\97 bindu\FRONT.DST,C:\Users\Asus\embroidery-finder\dst_images\Bindu_97 bindu_FRONT.png,97 bindu,FRONT.DST,Bindu
C:\Users\Asus\all pendrive design\dual hybrid\Bindu Design\97 bindu\HEND.DST,C:\Users\Asus\embroidery-finder\dst_images\Bindu_97 bindu_HEND.png,97 bindu,HEND.DST,Bindu
C:\Users\Asus\all pendrive design\dual hybrid\Bindu Design\BH 309 design\BH309 B1.DST,C:\Users\Asus\embroidery-finder\dst_images\Bindu_BH 309 design_BH309 B1.png,BH 309 design,BH309 B1.DST,Bindu
C:\Users\Asus\all pendrive design\dual hybrid\Bindu Design\BH 309 design\BH309 B2.DST,C:\Users\Asus\embroidery-finder\dst_images\Bindu_BH 309 design_BH309 B2.png,BH 309 design,BH309 B2.DST,Bindu
C:\Users\Asus\all pendrive design\dual hybrid\Bindu Design\BH 309 design\BH309 EXTRA.DST,C:\Users\Asus\embroidery-finder\dst_images\Bindu_BH 309 design_BH309 EXTRA.png,BH 309 design,BH309 EXTRA.DST,Bindu
C:\Users\Asus\all pendrive design\dual hybrid\Bindu Design\BH 309 design\BH309 FR.DST,C:\Users\Asus\embroidery-finder\dst_images\Bindu_BH 309 design_BH309 FR.png,BH 309 design,BH309 FR.DST,Bindu
C:\Users\Asus\all pendrive design\dual hybrid\Bindu Design\BH 309 design\BH309 FULL NECK.DST,C:\Users\Asus\embroidery-finder\dst_images\Bindu_BH 309 design_BH309 FULL NECK.png,BH 309 design,BH309 FULL NECK.DST,Bindu
C:\Users\Asus\all pendrive design\dual hybrid\Bindu Design\BH 309 design\BH309 H1.DST,C:\Users\Asus\embroidery-finder\dst_images\Bindu_BH 309 design_BH309 H1.png,BH 309 design,BH309 H1.DST,Bindu
C:\Users\Asus\all pendrive design\dual hybrid\Bindu Design\BH 309 design\BH309 HFULL HAND.DST,C:\Users\Asus\embroidery-finder\dst_images\Bindu_BH 309 design_BH309 HFULL HAND.png,BH 309 design,BH309 HFULL HAND.DST,Bindu
C:\Users\Asus\all pendrive design\dual hybrid\Bindu Design\BH 442 DESIGN\BH442 B1.DST,C:\Users\Asus\embroidery-finder\dst_images\Bindu_BH 442 DESIGN_BH442 B1.png,BH 442 DESIGN,BH442 B1.DST,Bindu
C:\Users\Asus\all pendrive design\dual hybrid\Bindu Design\BH 442 DESIGN\BH442 B2.DST,C:\Users\Asus\embroidery-finder\dst_images\Bindu_BH 442 DESIGN_BH442 B2.png,BH 442 DESIGN,BH442 B2.DST,Bindu
C:\Users\Asus\all pendrive design\dual hybrid\Bindu Design\BH 442 DESIGN\BH442 FR.DST,C:\Users\Asus\embroidery-finder\dst_images\Bindu_BH 442 DESIGN_BH442 FR.png,BH 442 DESIGN,BH442 FR.DST,Bindu
C:\Users\Asus\all pendrive design\dual hybrid\Bindu Design\BH 442 DESIGN\BH442 FR1.DST,C:\Users\Asus\embroidery-finder\dst_images\Bindu_BH 442 DESIGN_BH442 FR1.png,BH 442 DESIGN,BH442 FR1.DST,Bindu
C:\Users\Asus\all pendrive design\dual hybrid\Bindu Design\BH 442 DESIGN\BH442 FULL.DST,C:\Users\Asus\embroidery-finder\dst_images\Bindu_BH 442 DESIGN_BH442 FULL.png,BH 442 DESIGN,BH442 FULL.DST,Bindu
C:\Users\Asus\all pendrive design\dual hybrid\Bindu Design\BH 442 DESIGN\BH442 FULL1.DST,C:\Users\Asus\embroidery-finder\dst_images\Bindu_BH 442 DESIGN_BH442 FULL1.png,BH 442 DESIGN,BH442 FULL1.DST,Bindu
C:\Users\Asus\all pendrive design\dual hybrid\Bindu Design\BH 442 DESIGN\BH442 HAND1.DST,C:\Users\Asus\embroidery-finder\dst_images\Bindu_BH 442 DESIGN_BH442 HAND1.png,BH 442 DESIGN,BH442 HAND1.DST,Bindu
C:\Users\Asus\all pendrive design\dual hybrid\Bindu Design\BH 442 DESIGN\BH442 HANDB.DST,C:\Users\Asus\embroidery-finder\dst_images\Bindu_BH 442 DESIGN_BH442 HANDB.png,BH 442 DESIGN,BH442 HANDB.DST,Bindu
C:\Users\Asus\all pendrive design\dual hybrid\Bindu Design\BH 442 DESIGN\BH442 HANDFULL.DST,C:\Users\Asus\embroidery-finder\dst_images\Bindu_BH 442 DESIGN_BH442 HANDFULL.png,BH 442 DESIGN,BH442 HANDFULL.DST,Bindu
C:\Users\Asus\all pendrive design\dual hybrid\Bindu Design\BH 442 DESIGN\BH442 HANDFULL1.DST,C:\Users\Asus\embroidery-finder\dst_images\Bindu_BH 442 DESIGN_BH442 HANDFULL1.png,BH 442 DESIGN,BH442 HANDFULL1.DST,Bindu
C:\Users\Asus\all pendrive design\dual hybrid\Bindu Design\BH 442 DESIGN\BH442 LEFTH.DST,C:\Users\Asus\embroidery-finder\dst_images\Bindu_BH 442 DESIGN_BH442 LEFTH.png,BH 442 DESIGN,BH442 LEFTH.DST,Bindu
C:\Users\Asus\all pendrive design\dual hybrid\Bindu Design\BH 442 DESIGN\BH442 RIGHTH.DST,C:\Users\Asus\embroidery-finder\dst_images\Bindu_BH 442 DESIGN_BH442 RIGHTH.png,BH 442 DESIGN,BH442 RIGHTH.DST,Bindu
C:\Users\Asus\all pendrive design\dual hybrid\Bindu Design\BH257 Design\BH257 b1.DST,C:\Users\Asus\embroidery-finder\dst_images\Bindu_BH257 Design_BH257 b1.png,BH257 Design,BH257 b1.DST,Bindu
C:\Users\Asus\all pendrive design\dual hybrid\Bindu Design\BH257 Design\BH257 b2.DST,C:\Users\Asus\embroidery-finder\dst_images\Bindu_BH257 Design_BH257 b2.png,BH257 Design,BH257 b2.DST,Bindu
C:\Users\Asus\all pendrive design\dual hybrid\Bindu Design\BH257 Design\BH257 back mdf 33d.DST,C:\Users\Asus\embroidery-finder\dst_images\Bindu_BH257 Design_BH257 back mdf 33d.png,BH257 Design,BH257 back mdf 33d.DST,Bindu
C:\Users\Asus\all pendrive design\dual hybrid\Bindu Design\BH257 Design\BH257 back.DST,C:\Users\Asus\embroidery-finder\dst_images\Bindu_BH257 Design_BH257 back.png,BH257 Design,BH257 back.DST,Bindu
C:\Users\Asus\all pendrive design\dual hybrid\Bindu Design\BH257 Design\BH257 h1.DST,C:\Users\Asus\embroidery-finder\dst_images\Bindu_BH257 Design_BH257 h1.png,BH257 Design,BH257 h1.DST,Bindu
C:\Users\Asus\all pendrive design\dual hybrid\Bindu Design\BH257 Design\BH257 h2.DST,C:\Users\Asus\embroidery-finder\dst_images\Bindu_BH257 Design_BH257 h2.png,BH257 Design,BH257 h2.DST,Bindu
C:\Users\Asus\all pendrive design\dual hybrid\Bindu Design\BH257 Design\BH257 hand full.DST,C:\Users\Asus\embroidery-finder\dst_images\Bindu_BH257 Design_BH257 hand full.png,BH257 Design,BH257 hand full.DST,Bindu
C:\Users\Asus\all pendrive design\dual hybrid\Bindu Design\BH257 Design\BH257 hand.DST,C:\Users\Asus\embroidery-finder\dst_images\Bindu_BH257 Design_BH257 hand.png,BH257 Design,BH257 hand.DST,Bindu
C:\Users\Asus\all pendrive design\dual hybrid\Bindu Design\BH257 Design\BH257 Lfr.DST,C:\Users\Asus\embroidery-finder\dst_images\Bindu_BH257 Design_BH257 Lfr.png,BH257 Design,BH257 Lfr.DST,Bindu
C:\Users\Asus\all pendrive design\dual hybrid\Bindu Design\Bhanu Anne Creations\586_Buti.DST,C:\Users\Asus\embroidery-finder\dst_images\Bindu_Bhanu Anne Creations_586_Buti.png,Bhanu Anne Creations,586_Buti.DST,Bindu
C:\Users\Asus\all pendrive design\dual hybrid\Bindu Design\Bhanu Anne Creations\586_F.DST,C:\Users\Asus\embroidery-finder\dst_images\Bindu_Bhanu Anne Creations_586_F.png,Bhanu Anne Creations,586_F.DST,Bindu
C:\Users\Asus\all pendrive design\dual hybrid\Bindu Design\Bhanu Anne Creations\586_Fr.DST,C:\Users\Asus\embroidery-finder\dst_images\Bindu_Bhanu Anne Creations_586_Fr.png,Bhanu Anne Creations,586_Fr.DST,Bindu
C:\Users\Asus\all pendrive design\dual hybrid\Bindu Design\Bhanu Anne Creations\586_H1.DST,C:\Users\Asus\embroidery-finder\dst_images\Bindu_Bhanu Anne Creations_586_H1.png,Bhanu Anne Creations,586_H1.DST,Bindu
C:\Users\Asus\all pendrive design\dual hybrid\Bindu Design\Bhanu Anne Creations\586_NeckFull.DST,C:\Users\Asus\embroidery-finder\dst_images\Bindu_Bhanu Anne Creations_586_NeckFull.png,Bhanu Anne Creations,586_NeckFull.DST,Bindu
C:\Users\Asus\all pendrive design\dual hybrid\Bindu Design\Bhanu Anne Creations\618_FULLhand.DST,C:\Users\Asus\embroidery-finder\dst_images\Bindu_Bhanu Anne Creations_618_FULLhand.png,Bhanu Anne Creations,618_FULLhand.DST,Bindu
C:\Users\Asus\all pendrive design\dual hybrid\Bindu Design\Bhanu Anne Creations\618_SLEE.DST,C:\Users\Asus\embroidery-finder\dst_images\Bindu_Bhanu Anne Creations_618_SLEE.png,Bhanu Anne Creations,618_SLEE.DST,Bindu
C:\Users\Asus\all pendrive design\dual hybrid\Bindu Design\Bhanu Anne Creations\HB1327  Buti.DST,C:\Users\Asus\embroidery-finder\dst_images\Bindu_Bhanu Anne Creations_HB1327  Buti.png,Bhanu Anne Creations,HB1327  Buti.DST,Bindu
C:\Users\Asus\all pendrive design\dual hybrid\Bindu Design\Bhanu Anne Creations\HB1327 front.DST,C:\Users\Asus\embroidery-finder\dst_images\Bindu_Bhanu Anne Creations_HB1327 front.png,Bhanu Anne Creations,HB1327 front.DST,Bindu
C:\Users\Asus\all pendrive design\dual hybrid\Bindu Design\Bhanu Anne Creations\HB1327 front1.DST,C:\Users\Asus\embroidery-finder\dst_images\Bindu_Bhanu Anne Creations_HB1327 front1.png,Bhanu Anne Creations,HB1327 front1.DST,Bindu
C:\Users\Asus\all pendrive design\dual hybrid\Bindu Design\Bhanu Anne Creations\HB1327 FULL.DST,C:\Users\Asus\embroidery-finder\dst_images\Bindu_Bhanu Anne Creations_HB1327 FULL.png,Bhanu Anne Creations,HB1327 FULL.DST,Bindu
C:\Users\Asus\all pendrive design\dual hybrid\Bindu Design\Bhanu Anne Creations\HB1327 H1.DST,C:\Users\Asus\embroidery-finder\dst_images\Bindu_Bhanu Anne Creations_HB1327 H1.png,Bhanu Anne Creations,HB1327 H1.DST,Bindu
C:\Users\Asus\all pendrive design\dual hybrid\Bindu Design\Bhanu Anne Creations\HB1327 Hfull.DST,C:\Users\Asus\embroidery-finder\dst_images\Bindu_Bhanu Anne Creations_HB1327 Hfull.png,Bhanu Anne Creations,HB1327 Hfull.DST,Bindu
C:\Users\Asus\all pendrive design\dual hybrid\Bindu Design\Bhanu Anne Creations\141 design\BH141 b1.DST,C:\Users\Asus\embroidery-finder\dst_images\Bindu_Bhanu Anne Creations_141 design_BH141 b1.png,141 design,BH141 b1.DST,Bindu
C:\Users\Asus\all pendrive design\dual hybrid\Bindu Design\Bhanu Anne Creations\141 design\BH141 b2.DST,C:\Users\Asus\embroidery-finder\dst_images\Bindu_Bhanu Anne Creations_141 design_BH141 b2.png,141 design,BH141 b2.DST,Bindu
C:\Users\Asus\all pendrive design\dual hybrid\Bindu Design\Bhanu Anne Creations\141 design\BH141 b3.DST,C:\Users\Asus\embroidery-finder\dst_images\Bindu_Bhanu Anne Creations_141 design_BH141 b3.png,141 design,BH141 b3.DST,Bindu
C:\Users\Asus\all pendrive design\dual hybrid\Bindu Design\Bhanu Anne Creations\141 design\BH141 FULL.DST,C:\Users\Asus\embroidery-finder\dst_images\Bindu_Bhanu Anne Creations_141 design_BH141 FULL.png,141 design,BH141 FULL.DST,Bindu
C:\Users\Asus\all pendrive design\dual hybrid\Bindu Design\Bhanu Anne Creations\141 design\BH141 FULL1.DST,C:\Users\Asus\embroidery-finder\dst_images\Bindu_Bhanu Anne Creations_141 design_BH141 FULL1.png,141 design,BH141 FULL1.DST,Bindu
C:\Users\Asus\all pendrive design\dual hybrid\Bindu Design\Bhanu Anne Creations\141 design\BH141 Hand.DST,C:\Users\Asus\embroidery-finder\dst_images\Bindu_Bhanu Anne Creations_141 design_BH141 Hand.png,141 design,BH141 Hand.DST,Bindu
C:\Users\Asus\all pendrive design\dual hybrid\Bindu Design\Bhanu Anne Creations\141 design\BH141 HandFULL1.DST,C:\Users\Asus\embroidery-finder\dst_images\Bindu_Bhanu Anne Creations_141 design_BH141 HandFULL1.png,141 design,BH141 HandFULL1.DST,Bindu
C:\Users\Asus\all pendrive design\dual hybrid\Bindu Design\Bhanu Anne Creations\152 design\hba152  HAND SP18.DST,C:\Users\Asus\embroidery-finder\dst_images\Bindu_Bhanu Anne Creations_152 design_hba152  HAND SP18.png,152 design,hba152  HAND SP18.DST,Bindu
C:\Users\Asus\all pendrive design\dual hybrid\Bindu Design\Bhanu Anne Creations\152 design\hba152 18 FULL SP18.DST,C:\Users\Asus\embroidery-finder\dst_images\Bindu_Bhanu Anne Creations_152 design_hba152 18 FULL SP18.png,152 design,hba152 18 FULL SP18.DST,Bindu
C:\Users\Asus\all pendrive design\dual hybrid\Bindu Design\Bhanu Anne Creations\152 design\hba152 FR SP18.DST,C:\Users\Asus\embroidery-finder\dst_images\Bindu_Bhanu Anne Creations_152 design_hba152 FR SP18.png,152 design,hba152 FR SP18.DST,Bindu
C:\Users\Asus\all pendrive design\dual hybrid\Bindu Design\Bhanu Anne Creations\152 design\hba152 FR.DST,C:\Users\Asus\embroidery-finder\dst_images\Bindu_Bhanu Anne Creations_152 design_hba152 FR.png,152 design,hba152 FR.DST,Bindu
C:\Users\Asus\all pendrive design\dual hybrid\Bindu Design\Bhanu Anne Creations\152 design\hba152 FULL SP18.DST,C:\Users\Asus\embroidery-finder\dst_images\Bindu_Bhanu Anne Creations_152 design_hba152 FULL SP18.png,152 design,hba152 FULL SP18.DST,Bindu
C:\Users\Asus\all pendrive design\dual hybrid\Bindu Design\Bhanu Anne Creations\152 design\hba152 H1 SP18.DST,C:\Users\Asus\embroidery-finder\dst_images\Bindu_Bhanu Anne Creations_152 design_hba152 H1 SP18.png,152 design,hba152 H1 SP18.DST,Bindu
C:\Users\Asus\all pendrive design\dual hybrid\Bindu Design\Bhanu Anne Creations\152 design\hba152 H1.DST,C:\Users\Asus\embroidery-finder\dst_images\Bindu_Bhanu Anne Creations_152 design_hba152 H1.png,152 design,hba152 H1.DST,Bindu
C:\Users\Asus\all pendrive design\dual hybrid\Bindu Design\Bhanu Anne Creations\152 design\hba152 Hand2.DST,C:\Users\Asus\embroidery-finder\dst_images\Bindu_Bhanu Anne Creations_152 design_hba152 Hand2.png,152 design,hba152 Hand2.DST,Bindu
C:\Users\Asus\all pendrive design\dual hybrid\Bindu Design\Bhanu Anne Creations\Hb 534\534  full.DST,C:\Users\Asus\embroidery-finder\dst_images\Bindu_Bhanu Anne Creations_Hb 534_534  full.png,Hb 534,534  full.DST,Bindu
C:\Users\Asus\all pendrive design\dual hybrid\Bindu Design\Bhanu Anne Creations\Hb 534\534 b.DST,C:\Users\Asus\embroidery-finder\dst_images\Bindu_Bhanu Anne Creations_Hb 534_534 b.png,Hb 534,534 b.DST,Bindu
C:\Users\Asus\all pendrive design\dual hybrid\Bindu Design\Bhanu Anne Creations\Hb 534\534 CENTER.DST,C:\Users\Asus\embroidery-finder\dst_images\Bindu_Bhanu Anne Creations_Hb 534_534 CENTER.png,Hb 534,534 CENTER.DST,Bindu
C:\Users\Asus\all pendrive design\dual hybrid\Bindu Design\Bhanu Anne Creations\Hb 534\534 front.DST,C:\Users\Asus\embroidery-finder\dst_images\Bindu_Bhanu Anne Creations_Hb 534_534 front.png,Hb 534,534 front.DST,Bindu
C:\Users\Asus\all pendrive design\dual hybrid\Bindu Design\Bhanu Anne Creations\Hb 534\534 front1.DST,C:\Users\Asus\embroidery-finder\dst_images\Bindu_Bhanu Anne Creations_Hb 534_534 front1.png,Hb 534,534 front1.DST,Bindu
C:\Users\Asus\all pendrive design\dual hybrid\Bindu Design\Bhanu Anne Creations\Hb 534\534 full.DST,C:\Users\Asus\embroidery-finder\dst_images\Bindu_Bhanu Anne Creations_Hb 534_534 full.png,Hb 534,534 full.DST,Bindu
C:\Users\Asus\all pendrive design\dual hybrid\Bindu Design\Bhanu Anne Creations\Hb 534\534 hand.DST,C:\Users\Asus\embroidery-finder\dst_images\Bindu_Bhanu Anne Creations_Hb 534_534 hand.png,Hb 534,534 hand.DST,Bindu
C:\Users\Asus\all pendrive design\dual hybrid\Bindu Design\Bhanu Anne Creations\Hb 534\534 hand1.DST,C:\Users\Asus\embroidery-finder\dst_images\Bindu_Bhanu Anne Creations_Hb 534_534 hand1.png,Hb 534,534 hand1.DST,Bindu
C:\Users\Asus\all pendrive design\dual hybrid\Bindu Design\Bhanu Anne Creations\Hb 534\534 handfull1.DST,C:\Users\Asus\embroidery-finder\dst_images\Bindu_Bhanu Anne Creations_Hb 534_534 handfull1.png,Hb 534,534 handfull1.DST,Bindu
C:\Users\Asus\all pendrive design\dual hybrid\Bindu Design\Bhanu Anne Creations\Hb1009\hb1009 FRONT.DST,C:\Users\Asus\embroidery-finder\dst_images\Bindu_Bhanu Anne Creations_Hb1009_hb1009 FRONT.png,Hb1009,hb1009 FRONT.DST,Bindu
C:\Users\Asus\all pendrive design\dual hybrid\Bindu Design\Bhanu Anne Creations\Hb1009\hb1009 FRONT1.DST,C:\Users\Asus\embroidery-finder\dst_images\Bindu_Bhanu Anne Creations_Hb1009_hb1009 FRONT1.png,Hb1009,hb1009 FRONT1.DST,Bindu
C:\Users\Asus\all pendrive design\dual hybrid\Bindu Design\Bhanu Anne Creations\Hb1009\hb1009 FULL.DST,C:\Users\Asus\embroidery-finder\dst_images\Bindu_Bhanu Anne Creations_Hb1009_hb1009 FULL.png,Hb1009,hb1009 FULL.DST,Bindu
C:\Users\Asus\all pendrive design\dual hybrid\Bindu Design\Bhanu Anne Creations\Hb1009\hb1009 FULL1.DST,C:\Users\Asus\embroidery-finder\dst_images\Bindu_Bhanu Anne Creations_Hb1009_hb1009 FULL1.png,Hb1009,hb1009 FULL1.DST,Bindu
C:\Users\Asus\all pendrive design\dual hybrid\Bindu Design\Bhanu Anne Creations\Hb1009\hb1009 H.DST,C:\Users\Asus\embroidery-finder\dst_images\Bindu_Bhanu Anne Creations_Hb1009_hb1009 H.png,Hb1009,hb1009 H.DST,Bindu
C:\Users\Asus\all pendrive design\dual hybrid\Bindu Design\Bhanu Anne Creations\Hb1009\hb1009 H2.DST,C:\Users\Asus\embroidery-finder\dst_images\Bindu_Bhanu Anne Creations_Hb1009_hb1009 H2.png,Hb1009,hb1009 H2.DST,Bindu
C:\Users\Asus\all pendrive design\dual hybrid\Bindu Design\Bhanu Anne Creations\Hb1009\hb1009 HANDFULL.DST,C:\Users\Asus\embroidery-finder\dst_images\Bindu_Bhanu Anne Creations_Hb1009_hb1009 HANDFULL.png,Hb1009,hb1009 HANDFULL.DST,Bindu
C:\Users\Asus\all pendrive design\dual hybrid\Bindu Design\Bhanu Anne Creations\HB1296\HB1296 B1.dst,C:\Users\Asus\embroidery-finder\dst_images\Bindu_Bhanu Anne Creations_HB1296_HB1296 B1.png,HB1296,HB1296 B1.dst,Bindu
C:\Users\Asus\all pendrive design\dual hybrid\Bindu Design\Bhanu Anne Creations\HB1296\HB1296 B2.dst,C:\Users\Asus\embroidery-finder\dst_images\Bindu_Bhanu Anne Creations_HB1296_HB1296 B2.png,HB1296,HB1296 B2.dst,Bindu
C:\Users\Asus\all pendrive design\dual hybrid\Bindu Design\Bhanu Anne Creations\HB1296\HB1296 B3.dst,C:\Users\Asus\embroidery-finder\dst_images\Bindu_Bhanu Anne Creations_HB1296_HB1296 B3.png,HB1296,HB1296 B3.dst,Bindu
C:\Users\Asus\all pendrive design\dual hybrid\Bindu Design\Bhanu Anne Creations\HB1296\HB1296 full.DST,C:\Users\Asus\embroidery-finder\dst_images\Bindu_Bhanu Anne Creations_HB1296_HB1296 full.png,HB1296,HB1296 full.DST,Bindu
C:\Users\Asus\all pendrive design\dual hybrid\Bindu Design\Bhanu Anne Creations\HB1296\HB1296 H1.DST,C:\Users\Asus\embroidery-finder\dst_images\Bindu_Bhanu Anne Creations_HB1296_HB1296 H1.png,HB1296,HB1296 H1.DST,Bindu
C:\Users\Asus\all pendrive design\dual hybrid\Bindu Design\Bhanu Anne Creations\HB1296\HB1296FRONT.dst,C:\Users\Asus\embroidery-finder\dst_images\Bindu_Bhanu Anne Creations_HB1296_HB1296FRONT.png,HB1296,HB1296FRONT.dst,Bindu
C:\Users\Asus\all pendrive design\dual hybrid\Bindu Design\Bhanu Anne Creations\HB1296\HB1296FRONT1.DST,C:\Users\Asus\embroidery-finder\dst_images\Bindu_Bhanu Anne Creations_HB1296_HB1296FRONT1.png,HB1296,HB1296FRONT1.DST,Bindu
C:\Users\Asus\all pendrive design\dual hybrid\Bindu Design\Bhanu Anne Creations\HB1296\HB1296FULLHAND.DST,C:\Users\Asus\embroidery-finder\dst_images\Bindu_Bhanu Anne Creations_HB1296_HB1296FULLHAND.png,HB1296,HB1296FULLHAND.DST,Bindu
C:\Users\Asus\all pendrive design\dual hybrid\Bindu Design\Bhanu Anne Creations\HB270 design\270 buti.DST,C:\Users\Asus\embroidery-finder\dst_images\Bindu_Bhanu Anne Creations_HB270 design_270 buti.png,HB270 design,270 buti.DST,Bindu
C:\Users\Asus\all pendrive design\dual hybrid\Bindu Design\Bhanu Anne Creations\HB270 design\270 fr.DST,C:\Users\Asus\embroidery-finder\dst_images\Bindu_Bhanu Anne Creations_HB270 design_270 fr.png,HB270 design,270 fr.DST,Bindu
C:\Users\Asus\all pendrive design\dual hybrid\Bindu Design\Bhanu Anne Creations\HB270 design\270 fr1.DST,C:\Users\Asus\embroidery-finder\dst_images\Bindu_Bhanu Anne Creations_HB270 design_270 fr1.png,HB270 design,270 fr1.DST,Bindu
C:\Users\Asus\all pendrive design\dual hybrid\Bindu Design\Bhanu Anne Creations\HB270 design\270 full big.DST,C:\Users\Asus\embroidery-finder\dst_images\Bindu_Bhanu Anne Creations_HB270 design_270 full big.png,HB270 design,270 full big.DST,Bindu
C:\Users\Asus\all pendrive design\dual hybrid\Bindu Design\Bhanu Anne Creations\HB270 design\270 full line.DST,C:\Users\Asus\embroidery-finder\dst_images\Bindu_Bhanu Anne Creations_HB270 design_270 full line.png,HB270 design,270 full line.DST,Bindu
C:\Users\Asus\all pendrive design\dual hybrid\Bindu Design\Bhanu Anne Creations\HB270 design\270 H.DST,C:\Users\Asus\embroidery-finder\dst_images\Bindu_Bhanu Anne Creations_HB270 design_270 H.png,HB270 design,270 H.DST,Bindu
C:\Users\Asus\all pendrive design\dual hybrid\Bindu Design\Bhanu Anne Creations\HB270 design\270 Hand .DST,C:\Users\Asus\embroidery-finder\dst_images\Bindu_Bhanu Anne Creations_HB270 design_270 Hand .png,HB270 design,270 Hand .DST,Bindu
C:\Users\Asus\all pendrive design\dual hybrid\Bindu Design\Bhanu Anne Creations\HB270 design\270 Hand 2.DST,C:\Users\Asus\embroidery-finder\dst_images\Bindu_Bhanu Anne Creations_HB270 design_270 Hand 2.png,HB270 design,270 Hand 2.DST,Bindu
C:\Users\Asus\all pendrive design\dual hybrid\Bindu Design\Bhanu Anne Creations\HB270 design\270 HAND.DST,C:\Users\Asus\embroidery-finder\dst_images\Bindu_Bhanu Anne Creations_HB270 design_270 HAND.png,HB270 design,270 HAND.DST,Bindu
C:\Users\Asus\all pendrive design\dual hybrid\Bindu Design\Bhanu Anne Creations\HB270 design\270HAND hole.DST,C:\Users\Asus\embroidery-finder\dst_images\Bindu_Bhanu Anne Creations_HB270 design_270HAND hole.png,HB270 design,270HAND hole.DST,Bindu
C:\Users\Asus\all pendrive design\dual hybrid\Bindu Design\Bhanu Anne Creations\HB270 design\270HAND.DST,C:\Users\Asus\embroidery-finder\dst_images\Bindu_Bhanu Anne Creations_HB270 design_270HAND.png,HB270 design,270HAND.DST,Bindu
C:\Users\Asus\all pendrive design\dual hybrid\Bindu Design\Bhanu Anne Creations\HB270 design\270_SMALL HAND.DST,C:\Users\Asus\embroidery-finder\dst_images\Bindu_Bhanu Anne Creations_HB270 design_270_SMALL HAND.png,HB270 design,270_SMALL HAND.DST,Bindu
C:\Users\Asus\all pendrive design\dual hybrid\Bindu Design\Bhanu Anne Creations\Hb500\500_B1.DST,C:\Users\Asus\embroidery-finder\dst_images\Bindu_Bhanu Anne Creations_Hb500_500_B1.png,Hb500,500_B1.DST,Bindu
C:\Users\Asus\all pendrive design\dual hybrid\Bindu Design\Bhanu Anne Creations\Hb500\500_FRONT.DST,C:\Users\Asus\embroidery-finder\dst_images\Bindu_Bhanu Anne Creations_Hb500_500_FRONT.png,Hb500,500_FRONT.DST,Bindu
C:\Users\Asus\all pendrive design\dual hybrid\Bindu Design\Bhanu Anne Creations\Hb500\500_FRONT1.DST,C:\Users\Asus\embroidery-finder\dst_images\Bindu_Bhanu Anne Creations_Hb500_500_FRONT1.png,Hb500,500_FRONT1.DST,Bindu
C:\Users\Asus\all pendrive design\dual hybrid\Bindu Design\Bhanu Anne Creations\Hb500\500_FULL.DST,C:\Users\Asus\embroidery-finder\dst_images\Bindu_Bhanu Anne Creations_Hb500_500_FULL.png,Hb500,500_FULL.DST,Bindu
C:\Users\Asus\all pendrive design\dual hybrid\Bindu Design\Bhanu Anne Creations\Hb500\500_HAND.DST,C:\Users\Asus\embroidery-finder\dst_images\Bindu_Bhanu Anne Creations_Hb500_500_HAND.png,Hb500,500_HAND.DST,Bindu
C:\Users\Asus\all pendrive design\dual hybrid\Bindu Design\Bhanu Anne Creations\Hb793\hb793 b2.DST,C:\Users\Asus\embroidery-finder\dst_images\Bindu_Bhanu Anne Creations_Hb793_hb793 b2.png,Hb793,hb793 b2.DST,Bindu
C:\Users\Asus\all pendrive design\dual hybrid\Bindu Design\Bhanu Anne Creations\Hb793\hb793 buti.DST,C:\Users\Asus\embroidery-finder\dst_images\Bindu_Bhanu Anne Creations_Hb793_hb793 buti.png,Hb793,hb793 buti.DST,Bindu
C:\Users\Asus\all pendrive design\dual hybrid\Bindu Design\Bhanu Anne Creations\Hb793\hb793 extra centerr.DST,C:\Users\Asus\embroidery-finder\dst_images\Bindu_Bhanu Anne Creations_Hb793_hb793 extra centerr.png,Hb793,hb793 extra centerr.DST,Bindu
C:\Users\Asus\all pendrive design\dual hybrid\Bindu Design\Bhanu Anne Creations\Hb793\hb793 FR.DST,C:\Users\Asus\embroidery-finder\dst_images\Bindu_Bhanu Anne Creations_Hb793_hb793 FR.png,Hb793,hb793 FR.DST,Bindu
C:\Users\Asus\all pendrive design\dual hybrid\Bindu Design\Bhanu Anne Creations\Hb793\hb793 FR1.DST,C:\Users\Asus\embroidery-finder\dst_images\Bindu_Bhanu Anne Creations_Hb793_hb793 FR1.png,Hb793,hb793 FR1.DST,Bindu
C:\Users\Asus\all pendrive design\dual hybrid\Bindu Design\Bhanu Anne Creations\Hb793\hb793 FULL .DST,C:\Users\Asus\embroidery-finder\dst_images\Bindu_Bhanu Anne Creations_Hb793_hb793 FULL .png,Hb793,hb793 FULL .DST,Bindu
C:\Users\Asus\all pendrive design\dual hybrid\Bindu Design\Bhanu Anne Creations\Hb793\hb793 H.DST,C:\Users\Asus\embroidery-finder\dst_images\Bindu_Bhanu Anne Creations_Hb793_hb793 H.png,Hb793,hb793 H.DST,Bindu
C:\Users\Asus\all pendrive design\dual hybrid\Bindu Design\Bhanu Anne Creations\Hb793\hb793 H1.DST,C:\Users\Asus\embroidery-finder\dst_images\Bindu_Bhanu Anne Creations_Hb793_hb793 H1.png,Hb793,hb793 H1.DST,Bindu
C:\Users\Asus\all pendrive design\dual hybrid\Bindu Design\Bhanu Anne Creations\Hb793\hb793 HAND.DST,C:\Users\Asus\embroidery-finder\dst_images\Bindu_Bhanu Anne Creations_Hb793_hb793 HAND.png,Hb793,hb793 HAND.DST,Bindu
C:\Users\Asus\all pendrive design\dual hybrid\Bindu Design\Design 001\back 528.DST,C:\Users\Asus\embroidery-finder\dst_images\Bindu_Design 001_back 528.png,Design 001,back 528.DST,Bindu
C:\Users\Asus\all pendrive design\dual hybrid\Bindu Design\Design 001\HBA528 center.DST,C:\Users\Asus\embroidery-finder\dst_images\Bindu_Design 001_HBA528 center.png,Design 001,HBA528 center.DST,Bindu
C:\Users\Asus\all pendrive design\dual hybrid\Bindu Design\Design 001\HBA528 extra.DST,C:\Users\Asus\embroidery-finder\dst_images\Bindu_Design 001_HBA528 extra.png,Design 001,HBA528 extra.DST,Bindu
C:\Users\Asus\all pendrive design\dual hybrid\Bindu Design\Design 001\HBA528 fr.DST,C:\Users\Asus\embroidery-finder\dst_images\Bindu_Design 001_HBA528 fr.png,Design 001,HBA528 fr.DST,Bindu
C:\Users\Asus\all pendrive design\dual hybrid\Bindu Design\Design 001\HBA528 FULL HAND.DST,C:\Users\Asus\embroidery-finder\dst_images\Bindu_Design 001_HBA528 FULL HAND.png,Design 001,HBA528 FULL HAND.DST,Bindu
C:\Users\Asus\all pendrive design\dual hybrid\Bindu Design\Design 001\HBA528 FULL NECK.DST,C:\Users\Asus\embroidery-finder\dst_images\Bindu_Design 001_HBA528 FULL NECK.png,Design 001,HBA528 FULL NECK.DST,Bindu
C:\Users\Asus\all pendrive design\dual hybrid\Bindu Design\Design 001\HBA528 h1.DST,C:\Users\Asus\embroidery-finder\dst_images\Bindu_Design 001_HBA528 h1.png,Design 001,HBA528 h1.DST,Bindu
C:\Users\Asus\all pendrive design\dual hybrid\Bindu Design\Design 001\HBA528 h2.DST,C:\Users\Asus\embroidery-finder\dst_images\Bindu_Design 001_HBA528 h2.png,Design 001,HBA528 h2.DST,Bindu
C:\Users\Asus\all pendrive design\dual hybrid\Bindu Design\Design 001\HBA528 hand.DST,C:\Users\Asus\embroidery-finder\dst_images\Bindu_Design 001_HBA528 hand.png,Design 001,HBA528 hand.DST,Bindu
C:\Users\Asus\all pendrive design\dual hybrid\Bindu Design\Design 001\HBA528 hand1.DST,C:\Users\Asus\embroidery-finder\dst_images\Bindu_Design 001_HBA528 hand1.png,Design 001,HBA528 hand1.DST,Bindu
C:\Users\Asus\all pendrive design\dual hybrid\Bindu Design\Design 001\HBA528 left.DST,C:\Users\Asus\embroidery-finder\dst_images\Bindu_Design 001_HBA528 left.png,Design 001,HBA528 left.DST,Bindu
C:\Users\Asus\all pendrive design\dual hybrid\Bindu Design\Design 001\HBA528 right.DST,C:\Users\Asus\embroidery-finder\dst_images\Bindu_Design 001_HBA528 right.png,Design 001,HBA528 right.DST,Bindu
C:\Users\Asus\all pendrive design\dual hybrid\Bindu Design\Design 001\line.DST,C:\Users\Asus\embroidery-finder\dst_images\Bindu_Design 001_line.png,Design 001,line.DST,Bindu
C:\Users\Asus\all pendrive design\dual hybrid\Bindu Design\Design 002\BUTTI-2.DST,C:\Users\Asus\embroidery-finder\dst_images\Bindu_Design 002_BUTTI-2.png,Design 002,BUTTI-2.DST,Bindu
C:\Users\Asus\all pendrive design\dual hybrid\Bindu Design\Design 002\BUTTI.DST,C:\Users\Asus\embroidery-finder\dst_images\Bindu_Design 002_BUTTI.png,Design 002,BUTTI.DST,Bindu
C:\Users\Asus\all pendrive design\dual hybrid\Bindu Design\Design 002\FRONT (16).DST,C:\Users\Asus\embroidery-finder\dst_images\Bindu_Design 002_FRONT (16).png,Design 002,FRONT (16).DST,Bindu
C:\Users\Asus\all pendrive design\dual hybrid\Bindu Design\Design 002\FULL HAND.DST,C:\Users\Asus\embroidery-finder\dst_images\Bindu_Design 002_FULL HAND.png,Design 002,FULL HAND.DST,Bindu
C:\Users\Asus\all pendrive design\dual hybrid\Bindu Design\Design 002\FULL NECK (3).DST,C:\Users\Asus\embroidery-finder\dst_images\Bindu_Design 002_FULL NECK (3).png,Design 002,FULL NECK (3).DST,Bindu
C:\Users\Asus\all pendrive design\dual hybrid\Bindu Design\Design 002\HAND LINE.DST,C:\Users\Asus\embroidery-finder\dst_images\Bindu_Design 002_HAND LINE.png,Design 002,HAND LINE.DST,Bindu
C:\Users\Asus\all pendrive design\dual hybrid\Bindu Design\Design 002\SHORT HAND.DST,C:\Users\Asus\embroidery-finder\dst_images\Bindu_Design 002_SHORT HAND.png,Design 002,SHORT HAND.DST,Bindu
C:\Users\Asus\all pendrive design\dual hybrid\Bindu Design\Design 003\B2.DST,C:\Users\Asus\embroidery-finder\dst_images\Bindu_Design 003_B2.png,Design 003,B2.DST,Bindu
C:\Users\Asus\all pendrive design\dual hybrid\Bindu Design\Design 003\B3.DST,C:\Users\Asus\embroidery-finder\dst_images\Bindu_Design 003_B3.png,Design 003,B3.DST,Bindu
C:\Users\Asus\all pendrive design\dual hybrid\Bindu Design\Design 003\BUTI.DST,C:\Users\Asus\embroidery-finder\dst_images\Bindu_Design 003_BUTI.png,Design 003,BUTI.DST,Bindu
C:\Users\Asus\all pendrive design\dual hybrid\Bindu Design\Design 003\FRONT (16).DST,C:\Users\Asus\embroidery-finder\dst_images\Bindu_Design 003_FRONT (16).png,Design 003,FRONT (16).DST,Bindu
C:\Users\Asus\all pendrive design\dual hybrid\Bindu Design\Design 003\Fullhand .DST,C:\Users\Asus\embroidery-finder\dst_images\Bindu_Design 003_Fullhand .png,Design 003,Fullhand .DST,Bindu
C:\Users\Asus\all pendrive design\dual hybrid\Bindu Design\Design 003\Fullneck.DST,C:\Users\Asus\embroidery-finder\dst_images\Bindu_Design 003_Fullneck.png,Design 003,Fullneck.DST,Bindu
C:\Users\Asus\all pendrive design\dual hybrid\Bindu Design\Design 003\H.DST,C:\Users\Asus\embroidery-finder\dst_images\Bindu_Design 003_H.png,Design 003,H.DST,Bindu
C:\Users\Asus\all pendrive design\dual hybrid\Bindu Design\Design 003\H1 (2).DST,C:\Users\Asus\embroidery-finder\dst_images\Bindu_Design 003_H1 (2).png,Design 003,H1 (2).DST,Bindu
C:\Users\Asus\all pendrive design\dual hybrid\Bindu Design\Design 004 ಬಾದಾಮಿ\B1-JC3560.DST,C:\Users\Asus\embroidery-finder\dst_images\Bindu_Design 004 ಬಾದಾಮಿ_B1-JC3560.png,Design 004 ಬಾದಾಮಿ,B1-JC3560.DST,Bindu
C:\Users\Asus\all pendrive design\dual hybrid\Bindu Design\Design 004 ಬಾದಾಮಿ\B2-JC3560.DST,C:\Users\Asus\embroidery-finder\dst_images\Bindu_Design 004 ಬಾದಾಮಿ_B2-JC3560.png,Design 004 ಬಾದಾಮಿ,B2-JC3560.DST,Bindu
C:\Users\Asus\all pendrive design\dual hybrid\Bindu Design\Design 004 ಬಾದಾಮಿ\back allover.DST,C:\Users\Asus\embroidery-finder\dst_images\Bindu_Design 004 ಬಾದಾಮಿ_back allover.png,Design 004 ಬಾದಾಮಿ,back allover.DST,Bindu
C:\Users\Asus\all pendrive design\dual hybrid\Bindu Design\Design 004 ಬಾದಾಮಿ\back1.DST,C:\Users\Asus\embroidery-finder\dst_images\Bindu_Design 004 ಬಾದಾಮಿ_back1.png,Design 004 ಬಾದಾಮಿ,back1.DST,Bindu
C:\Users\Asus\all pendrive design\dual hybrid\Bindu Design\Design 004 ಬಾದಾಮಿ\FR-JC3560.DST,C:\Users\Asus\embroidery-finder\dst_images\Bindu_Design 004 ಬಾದಾಮಿ_FR-JC3560.png,Design 004 ಬಾದಾಮಿ,FR-JC3560.DST,Bindu
C:\Users\Asus\all pendrive design\dual hybrid\Bindu Design\Design 004 ಬಾದಾಮಿ\H-JC3560.DST,C:\Users\Asus\embroidery-finder\dst_images\Bindu_Design 004 ಬಾದಾಮಿ_H-JC3560.png,Design 004 ಬಾದಾಮಿ,H-JC3560.DST,Bindu
C:\Users\Asus\all pendrive design\dual hybrid\Bindu Design\Design 004 ಬಾದಾಮಿ\H1-JC3560.DST,C:\Users\Asus\embroidery-finder\dst_images\Bindu_Design 004 ಬಾದಾಮಿ_H1-JC3560.png,Design 004 ಬಾದಾಮಿ,H1-JC3560.DST,Bindu
C:\Users\Asus\all pendrive design\dual hybrid\Bindu Design\Design 004 ಬಾದಾಮಿ\Hand full-JC3560.DST,C:\Users\Asus\embroidery-finder\dst_images\Bindu_Design 004 ಬಾದಾಮಿ_Hand full-JC3560.png,Design 004 ಬಾದಾಮಿ,Hand full-JC3560.DST,Bindu
C:\Users\Asus\all pendrive design\dual hybrid\Bindu Design\Design 004 ಬಾದಾಮಿ\Left allover-JC3560.DST,C:\Users\Asus\embroidery-finder\dst_images\Bindu_Design 004 ಬಾದಾಮಿ_Left allover-JC3560.png,Design 004 ಬಾದಾಮಿ,Left allover-JC3560.DST,Bindu
C:\Users\Asus\all pendrive design\dual hybrid\Bindu Design\Design 004 ಬಾದಾಮಿ\Right allover-JC3560.DST,C:\Users\Asus\embroidery-finder\dst_images\Bindu_Design 004 ಬಾದಾಮಿ_Right allover-JC3560.png,Design 004 ಬಾದಾಮಿ,Right allover-JC3560.DST,Bindu
C:\Users\Asus\all pendrive design\dual hybrid\Bindu Design\Design 005 peacock\BUTTI.DST,C:\Users\Asus\embroidery-finder\dst_images\Bindu_Design 005 peacock_BUTTI.png,Design 005 peacock,BUTTI.DST,Bindu
C:\Users\Asus\all pendrive design\dual hybrid\Bindu Design\Design 005 peacock\FRONT (16).DST,C:\Users\Asus\embroidery-finder\dst_images\Bindu_Design 005 peacock_FRONT (16).png,Design 005 peacock,FRONT (16).DST,Bindu
C:\Users\Asus\all pendrive design\dual hybrid\Bindu Design\Design 005 peacock\FULL HAND.DST,C:\Users\Asus\embroidery-finder\dst_images\Bindu_Design 005 peacock_FULL HAND.png,Design 005 peacock,FULL HAND.DST,Bindu
C:\Users\Asus\all pendrive design\dual hybrid\Bindu Design\Design 005 peacock\FULL NECK (3).DST,C:\Users\Asus\embroidery-finder\dst_images\Bindu_Design 005 peacock_FULL NECK (3).png,Design 005 peacock,FULL NECK (3).DST,Bindu
C:\Users\Asus\all pendrive design\dual hybrid\Bindu Design\Design 005 peacock\FULL NECK-2.DST,C:\Users\Asus\embroidery-finder\dst_images\Bindu_Design 005 peacock_FULL NECK-2.png,Design 005 peacock,FULL NECK-2.DST,Bindu
C:\Users\Asus\all pendrive design\dual hybrid\Bindu Design\Design 005 peacock\HAND LINE.DST,C:\Users\Asus\embroidery-finder\dst_images\Bindu_Design 005 peacock_HAND LINE.png,Design 005 peacock,HAND LINE.DST,Bindu
C:\Users\Asus\all pendrive design\dual hybrid\Bindu Design\Design 005 peacock\SHORT HAND.DST,C:\Users\Asus\embroidery-finder\dst_images\Bindu_Design 005 peacock_SHORT HAND.png,Design 005 peacock,SHORT HAND.DST,Bindu
C:\Users\Asus\all pendrive design\dual hybrid\Bindu Design\Design 0527\5-6-9.5.DST,C:\Users\Asus\embroidery-finder\dst_images\Bindu_Design 0527_5-6-9.5.png,Design 0527,5-6-9.5.DST,Bindu
C:\Users\Asus\all pendrive design\dual hybrid\Bindu Design\Design 0527\BACK.DST,C:\Users\Asus\embroidery-finder\dst_images\Bindu_Design 0527_BACK.png,Design 0527,BACK.DST,Bindu
C:\Users\Asus\all pendrive design\dual hybrid\Bindu Design\Design 0527\f.DST,C:\Users\Asus\embroidery-finder\dst_images\Bindu_Design 0527_f.png,Design 0527,f.DST,Bindu
C:\Users\Asus\all pendrive design\dual hybrid\Bindu Design\Design 0527\front.DST,C:\Users\Asus\embroidery-finder\dst_images\Bindu_Design 0527_front.png,Design 0527,front.DST,Bindu
C:\Users\Asus\all pendrive design\dual hybrid\Bindu Design\Design 0527\h1 (2).DST,C:\Users\Asus\embroidery-finder\dst_images\Bindu_Design 0527_h1 (2).png,Design 0527,h1 (2).DST,Bindu
C:\Users\Asus\all pendrive design\dual hybrid\Bindu Design\Design 0527\LN Dgn - 0572 B.DST,C:\Users\Asus\embroidery-finder\dst_images\Bindu_Design 0527_LN Dgn - 0572 B.png,Design 0527,LN Dgn - 0572 B.DST,Bindu
C:\Users\Asus\all pendrive design\dual hybrid\Bindu Design\Design 0527\LN Dgn - 0572 B1.DST,C:\Users\Asus\embroidery-finder\dst_images\Bindu_Design 0527_LN Dgn - 0572 B1.png,Design 0527,LN Dgn - 0572 B1.DST,Bindu
C:\Users\Asus\all pendrive design\dual hybrid\Bindu Design\Design 0527\LN Dgn - 0572 back.DST,C:\Users\Asus\embroidery-finder\dst_images\Bindu_Design 0527_LN Dgn - 0572 back.png,Design 0527,LN Dgn - 0572 back.DST,Bindu
C:\Users\Asus\all pendrive design\dual hybrid\Bindu Design\Design 0527\LN Dgn - 0572 F.DST,C:\Users\Asus\embroidery-finder\dst_images\Bindu_Design 0527_LN Dgn - 0572 F.png,Design 0527,LN Dgn - 0572 F.DST,Bindu
C:\Users\Asus\all pendrive design\dual hybrid\Bindu Design\Design 0527\LN Dgn - 0572 H1.DST,C:\Users\Asus\embroidery-finder\dst_images\Bindu_Design 0527_LN Dgn - 0572 H1.png,Design 0527,LN Dgn - 0572 H1.DST,Bindu
C:\Users\Asus\all pendrive design\dual hybrid\Bindu Design\Design 0527\LN Dgn - 0572 Hand full.DST,C:\Users\Asus\embroidery-finder\dst_images\Bindu_Design 0527_LN Dgn - 0572 Hand full.png,Design 0527,LN Dgn - 0572 Hand full.DST,Bindu
C:\Users\Asus\all pendrive design\dual hybrid\Bindu Design\Design 0527\LN Dgn-0572 Alter neck.DST,C:\Users\Asus\embroidery-finder\dst_images\Bindu_Design 0527_LN Dgn-0572 Alter neck.png,Design 0527,LN Dgn-0572 Alter neck.DST,Bindu
C:\Users\Asus\all pendrive design\dual hybrid\Bindu Design\Design 0527\NEW-SELVEE.DST,C:\Users\Asus\embroidery-finder\dst_images\Bindu_Design 0527_NEW-SELVEE.png,Design 0527,NEW-SELVEE.DST,Bindu
C:\Users\Asus\all pendrive design\dual hybrid\Bindu Design\Design 0527\small hand.DST,C:\Users\Asus\embroidery-finder\dst_images\Bindu_Design 0527_small hand.png,Design 0527,small hand.DST,Bindu
C:\Users\Asus\all pendrive design\dual hybrid\Bindu Design\Design 06 ಬಾದಾಮಿ ಮತ್ತು ಹೂವು\b1.DST,C:\Users\Asus\embroidery-finder\dst_images\Bindu_Design 06 ಬಾದಾಮಿ ಮತ್ತು ಹೂವು_b1.png,Design 06 ಬಾದಾಮಿ ಮತ್ತು ಹೂವು,b1.DST,Bindu
C:\Users\Asus\all pendrive design\dual hybrid\Bindu Design\Design 06 ಬಾದಾಮಿ ಮತ್ತು ಹೂವು\b2.DST,C:\Users\Asus\embroidery-finder\dst_images\Bindu_Design 06 ಬಾದಾಮಿ ಮತ್ತು ಹೂವು_b2.png,Design 06 ಬಾದಾಮಿ ಮತ್ತು ಹೂವು,b2.DST,Bindu
C:\Users\Asus\all pendrive design\dual hybrid\Bindu Design\Design 06 ಬಾದಾಮಿ ಮತ್ತು ಹೂವು\back 2.DST,C:\Users\Asus\embroidery-finder\dst_images\Bindu_Design 06 ಬಾದಾಮಿ ಮತ್ತು ಹೂವು_back 2.png,Design 06 ಬಾದಾಮಿ ಮತ್ತು ಹೂವು,back 2.DST,Bindu
C:\Users\Asus\all pendrive design\dual hybrid\Bindu Design\Design 06 ಬಾದಾಮಿ ಮತ್ತು ಹೂವು\back full1.DST,C:\Users\Asus\embroidery-finder\dst_images\Bindu_Design 06 ಬಾದಾಮಿ ಮತ್ತು ಹೂವು_back full1.png,Design 06 ಬಾದಾಮಿ ಮತ್ತು ಹೂವು,back full1.DST,Bindu
C:\Users\Asus\all pendrive design\dual hybrid\Bindu Design\Design 06 ಬಾದಾಮಿ ಮತ್ತು ಹೂವು\BUTI.DST,C:\Users\Asus\embroidery-finder\dst_images\Bindu_Design 06 ಬಾದಾಮಿ ಮತ್ತು ಹೂವು_BUTI.png,Design 06 ಬಾದಾಮಿ ಮತ್ತು ಹೂವು,BUTI.DST,Bindu
C:\Users\Asus\all pendrive design\dual hybrid\Bindu Design\Design 06 ಬಾದಾಮಿ ಮತ್ತು ಹೂವು\FRONT (16).DST,C:\Users\Asus\embroidery-finder\dst_images\Bindu_Design 06 ಬಾದಾಮಿ ಮತ್ತು ಹೂವು_FRONT (16).png,Design 06 ಬಾದಾಮಿ ಮತ್ತು ಹೂವು,FRONT (16).DST,Bindu
C:\Users\Asus\all pendrive design\dual hybrid\Bindu Design\Design 06 ಬಾದಾಮಿ ಮತ್ತು ಹೂವು\hand border mdf.DST,C:\Users\Asus\embroidery-finder\dst_images\Bindu_Design 06 ಬಾದಾಮಿ ಮತ್ತು ಹೂವು_hand border mdf.png,Design 06 ಬಾದಾಮಿ ಮತ್ತು ಹೂವು,hand border mdf.DST,Bindu
C:\Users\Asus\all pendrive design\dual hybrid\Bindu Design\Design 06 ಬಾದಾಮಿ ಮತ್ತು ಹೂವು\hand border.DST,C:\Users\Asus\embroidery-finder\dst_images\Bindu_Design 06 ಬಾದಾಮಿ ಮತ್ತು ಹೂವು_hand border.png,Design 06 ಬಾದಾಮಿ ಮತ್ತು ಹೂವು,hand border.DST,Bindu
C:\Users\Asus\all pendrive design\dual hybrid\Bindu Design\Design 06 ಬಾದಾಮಿ ಮತ್ತು ಹೂವು\HAND full.DST,C:\Users\Asus\embroidery-finder\dst_images\Bindu_Design 06 ಬಾದಾಮಿ ಮತ್ತು ಹೂವು_HAND full.png,Design 06 ಬಾದಾಮಿ ಮತ್ತು ಹೂವು,HAND full.DST,Bindu
C:\Users\Asus\all pendrive design\dual hybrid\Bindu Design\Design 06 ಬಾದಾಮಿ ಮತ್ತು ಹೂವು\HAND mdf.DST,C:\Users\Asus\embroidery-finder\dst_images\Bindu_Design 06 ಬಾದಾಮಿ ಮತ್ತು ಹೂವು_HAND mdf.png,Design 06 ಬಾದಾಮಿ ಮತ್ತು ಹೂವು,HAND mdf.DST,Bindu
C:\Users\Asus\all pendrive design\dual hybrid\Bindu Design\HB-2058\back-alter.DST,C:\Users\Asus\embroidery-finder\dst_images\Bindu_HB-2058_back-alter.png,HB-2058,back-alter.DST,Bindu
C:\Users\Asus\all pendrive design\dual hybrid\Bindu Design\HB-2058\FULL HAND 2.DST,C:\Users\Asus\embroidery-finder\dst_images\Bindu_HB-2058_FULL HAND 2.png,HB-2058,FULL HAND 2.DST,Bindu
C:\Users\Asus\all pendrive design\dual hybrid\Bindu Design\HB-2058\FULL HAND.DST,C:\Users\Asus\embroidery-finder\dst_images\Bindu_HB-2058_FULL HAND.png,HB-2058,FULL HAND.DST,Bindu
C:\Users\Asus\all pendrive design\dual hybrid\Bindu Design\HB-2058\FULL NECK (4).DST,C:\Users\Asus\embroidery-finder\dst_images\Bindu_HB-2058_FULL NECK (4).png,HB-2058,FULL NECK (4).DST,Bindu
C:\Users\Asus\all pendrive design\dual hybrid\Bindu Design\HB-2058\HB2058 B1.DST,C:\Users\Asus\embroidery-finder\dst_images\Bindu_HB-2058_HB2058 B1.png,HB-2058,HB2058 B1.DST,Bindu
C:\Users\Asus\all pendrive design\dual hybrid\Bindu Design\HB-2058\HB2058 B2.DST,C:\Users\Asus\embroidery-finder\dst_images\Bindu_HB-2058_HB2058 B2.png,HB-2058,HB2058 B2.DST,Bindu
C:\Users\Asus\all pendrive design\dual hybrid\Bindu Design\HB-2058\HB2058 FR.DST,C:\Users\Asus\embroidery-finder\dst_images\Bindu_HB-2058_HB2058 FR.png,HB-2058,HB2058 FR.DST,Bindu
C:\Users\Asus\all pendrive design\dual hybrid\Bindu Design\HB-2058\HB2058 H1.DST,C:\Users\Asus\embroidery-finder\dst_images\Bindu_HB-2058_HB2058 H1.png,HB-2058,HB2058 H1.DST,Bindu
C:\Users\Asus\all pendrive design\dual hybrid\Bindu Design\HB-2058\HB2058 HAND.DST,C:\Users\Asus\embroidery-finder\dst_images\Bindu_HB-2058_HB2058 HAND.png,HB-2058,HB2058 HAND.DST,Bindu
C:\Users\Asus\all pendrive design\dual hybrid\Bindu Design\HB-2058\HB2058 HAND1.DST,C:\Users\Asus\embroidery-finder\dst_images\Bindu_HB-2058_HB2058 HAND1.png,HB-2058,HB2058 HAND1.DST,Bindu
C:\Users\Asus\all pendrive design\dual hybrid\Bindu Design\HB-2058\HB2058 LEXTRA.DST,C:\Users\Asus\embroidery-finder\dst_images\Bindu_HB-2058_HB2058 LEXTRA.png,HB-2058,HB2058 LEXTRA.DST,Bindu
C:\Users\Asus\all pendrive design\dual hybrid\Bindu Design\HB-2058\HB2058 REXTRA.DST,C:\Users\Asus\embroidery-finder\dst_images\Bindu_HB-2058_HB2058 REXTRA.png,HB-2058,HB2058 REXTRA.DST,Bindu
C:\Users\Asus\all pendrive design\dual hybrid\Bindu Design\HB1236 design\HB1236 B1.DST,C:\Users\Asus\embroidery-finder\dst_images\Bindu_HB1236 design_HB1236 B1.png,HB1236 design,HB1236 B1.DST,Bindu
C:\Users\Asus\all pendrive design\dual hybrid\Bindu Design\HB1236 design\HB1236 B2.DST,C:\Users\Asus\embroidery-finder\dst_images\Bindu_HB1236 design_HB1236 B2.png,HB1236 design,HB1236 B2.DST,Bindu
C:\Users\Asus\all pendrive design\dual hybrid\Bindu Design\HB1236 design\HB1236 B3.DST,C:\Users\Asus\embroidery-finder\dst_images\Bindu_HB1236 design_HB1236 B3.png,HB1236 design,HB1236 B3.DST,Bindu
C:\Users\Asus\all pendrive design\dual hybrid\Bindu Design\HB1236 design\HB1236 Front.DST,C:\Users\Asus\embroidery-finder\dst_images\Bindu_HB1236 design_HB1236 Front.png,HB1236 design,HB1236 Front.DST,Bindu
C:\Users\Asus\all pendrive design\dual hybrid\Bindu Design\HB1236 design\HB1236 FULL.DST,C:\Users\Asus\embroidery-finder\dst_images\Bindu_HB1236 design_HB1236 FULL.png,HB1236 design,HB1236 FULL.DST,Bindu
C:\Users\Asus\all pendrive design\dual hybrid\Bindu Design\HB1236 design\HB1236 fullhand.DST,C:\Users\Asus\embroidery-finder\dst_images\Bindu_HB1236 design_HB1236 fullhand.png,HB1236 design,HB1236 fullhand.DST,Bindu
C:\Users\Asus\all pendrive design\dual hybrid\Bindu Design\HB1236 design\HB1236 h1.DST,C:\Users\Asus\embroidery-finder\dst_images\Bindu_HB1236 design_HB1236 h1.png,HB1236 design,HB1236 h1.DST,Bindu
C:\Users\Asus\all pendrive design\dual hybrid\Bindu Design\HB1236 design\HB1236 hand.DST,C:\Users\Asus\embroidery-finder\dst_images\Bindu_HB1236 design_HB1236 hand.png,HB1236 design,HB1236 hand.DST,Bindu
C:\Users\Asus\all pendrive design\dual hybrid\Bindu Design\HB1603 Design\hb1603 B1.DST,C:\Users\Asus\embroidery-finder\dst_images\Bindu_HB1603 Design_hb1603 B1.png,HB1603 Design,hb1603 B1.DST,Bindu
C:\Users\Asus\all pendrive design\dual hybrid\Bindu Design\HB1603 Design\hb1603 B2.DST,C:\Users\Asus\embroidery-finder\dst_images\Bindu_HB1603 Design_hb1603 B2.png,HB1603 Design,hb1603 B2.DST,Bindu
C:\Users\Asus\all pendrive design\dual hybrid\Bindu Design\HB1603 Design\hb1603 B3.DST,C:\Users\Asus\embroidery-finder\dst_images\Bindu_HB1603 Design_hb1603 B3.png,HB1603 Design,hb1603 B3.DST,Bindu
C:\Users\Asus\all pendrive design\dual hybrid\Bindu Design\HB1603 Design\hb1603 B4.DST,C:\Users\Asus\embroidery-finder\dst_images\Bindu_HB1603 Design_hb1603 B4.png,HB1603 Design,hb1603 B4.DST,Bindu
C:\Users\Asus\all pendrive design\dual hybrid\Bindu Design\HB1603 Design\hb1603 fr.DST,C:\Users\Asus\embroidery-finder\dst_images\Bindu_HB1603 Design_hb1603 fr.png,HB1603 Design,hb1603 fr.DST,Bindu
C:\Users\Asus\all pendrive design\dual hybrid\Bindu Design\HB1603 Design\hb1603 full.DST,C:\Users\Asus\embroidery-finder\dst_images\Bindu_HB1603 Design_hb1603 full.png,HB1603 Design,hb1603 full.DST,Bindu
C:\Users\Asus\all pendrive design\dual hybrid\Bindu Design\HB1603 Design\hb1603 hand.DST,C:\Users\Asus\embroidery-finder\dst_images\Bindu_HB1603 Design_hb1603 hand.png,HB1603 Design,hb1603 hand.DST,Bindu
C:\Users\Asus\all pendrive design\dual hybrid\Bindu Design\HB1603 Design\hb1603 hand1.DST,C:\Users\Asus\embroidery-finder\dst_images\Bindu_HB1603 Design_hb1603 hand1.png,HB1603 Design,hb1603 hand1.DST,Bindu
C:\Users\Asus\all pendrive design\dual hybrid\Bindu Design\HB1603 Design\hb1603 handfull.DST,C:\Users\Asus\embroidery-finder\dst_images\Bindu_HB1603 Design_hb1603 handfull.png,HB1603 Design,hb1603 handfull.DST,Bindu
C:\Users\Asus\all pendrive design\dual hybrid\Bindu Design\HB1611 Design\HB1611 B1.DST,C:\Users\Asus\embroidery-finder\dst_images\Bindu_HB1611 Design_HB1611 B1.png,HB1611 Design,HB1611 B1.DST,Bindu
C:\Users\Asus\all pendrive design\dual hybrid\Bindu Design\HB1611 Design\HB1611 B2.DST,C:\Users\Asus\embroidery-finder\dst_images\Bindu_HB1611 Design_HB1611 B2.png,HB1611 Design,HB1611 B2.DST,Bindu
C:\Users\Asus\all pendrive design\dual hybrid\Bindu Design\HB1611 Design\HB1611 BACK ALLOVER.DST,C:\Users\Asus\embroidery-finder\dst_images\Bindu_HB1611 Design_HB1611 BACK ALLOVER.png,HB1611 Design,HB1611 BACK ALLOVER.DST,Bindu
C:\Users\Asus\all pendrive design\dual hybrid\Bindu Design\HB1611 Design\HB1611 back.DST,C:\Users\Asus\embroidery-finder\dst_images\Bindu_HB1611 Design_HB1611 back.png,HB1611 Design,HB1611 back.DST,Bindu
C:\Users\Asus\all pendrive design\dual hybrid\Bindu Design\HB1611 Design\HB1611 FR.DST,C:\Users\Asus\embroidery-finder\dst_images\Bindu_HB1611 Design_HB1611 FR.png,HB1611 Design,HB1611 FR.DST,Bindu
C:\Users\Asus\all pendrive design\dual hybrid\Bindu Design\HB1611 Design\HB1611 H1.DST,C:\Users\Asus\embroidery-finder\dst_images\Bindu_HB1611 Design_HB1611 H1.png,HB1611 Design,HB1611 H1.DST,Bindu
C:\Users\Asus\all pendrive design\dual hybrid\Bindu Design\HB1611 Design\HB1611 HAND FULL (1).DST,C:\Users\Asus\embroidery-finder\dst_images\Bindu_HB1611 Design_HB1611 HAND FULL (1).png,HB1611 Design,HB1611 HAND FULL (1).DST,Bindu
C:\Users\Asus\all pendrive design\dual hybrid\Bindu Design\HB1611 Design\HB1611 HAND1.DST,C:\Users\Asus\embroidery-finder\dst_images\Bindu_HB1611 Design_HB1611 HAND1.png,HB1611 Design,HB1611 HAND1.DST,Bindu
C:\Users\Asus\all pendrive design\dual hybrid\Bindu Design\HBA548 Design\back alteration.DST,C:\Users\Asus\embroidery-finder\dst_images\Bindu_HBA548 Design_back alteration.png,HBA548 Design,back alteration.DST,Bindu
C:\Users\Asus\all pendrive design\dual hybrid\Bindu Design\HBA548 Design\HBA548 B1.DST,C:\Users\Asus\embroidery-finder\dst_images\Bindu_HBA548 Design_HBA548 B1.png,HBA548 Design,HBA548 B1.DST,Bindu
C:\Users\Asus\all pendrive design\dual hybrid\Bindu Design\HBA548 Design\HBA548 B2.DST,C:\Users\Asus\embroidery-finder\dst_images\Bindu_HBA548 Design_HBA548 B2.png,HBA548 Design,HBA548 B2.DST,Bindu
C:\Users\Asus\all pendrive design\dual hybrid\Bindu Design\HBA548 Design\HBA548 B3.DST,C:\Users\Asus\embroidery-finder\dst_images\Bindu_HBA548 Design_HBA548 B3.png,HBA548 Design,HBA548 B3.DST,Bindu
C:\Users\Asus\all pendrive design\dual hybrid\Bindu Design\HBA548 Design\HBA548 FR.DST,C:\Users\Asus\embroidery-finder\dst_images\Bindu_HBA548 Design_HBA548 FR.png,HBA548 Design,HBA548 FR.DST,Bindu
C:\Users\Asus\all pendrive design\dual hybrid\Bindu Design\HBA548 Design\HBA548 FULL  HAND2.DST,C:\Users\Asus\embroidery-finder\dst_images\Bindu_HBA548 Design_HBA548 FULL  HAND2.png,HBA548 Design,HBA548 FULL  HAND2.DST,Bindu
C:\Users\Asus\all pendrive design\dual hybrid\Bindu Design\HBA548 Design\HBA548 FULL HAND.DST,C:\Users\Asus\embroidery-finder\dst_images\Bindu_HBA548 Design_HBA548 FULL HAND.png,HBA548 Design,HBA548 FULL HAND.DST,Bindu
C:\Users\Asus\all pendrive design\dual hybrid\Bindu Design\HBA548 Design\HBA548 HAND.DST,C:\Users\Asus\embroidery-finder\dst_images\Bindu_HBA548 Design_HBA548 HAND.png,HBA548 Design,HBA548 HAND.DST,Bindu
C:\Users\Asus\all pendrive design\dual hybrid\Bindu Design\HBA548 Design\HBA548 HAND1.DST,C:\Users\Asus\embroidery-finder\dst_images\Bindu_HBA548 Design_HBA548 HAND1.png,HBA548 Design,HBA548 HAND1.DST,Bindu
C:\Users\Asus\all pendrive design\dual hybrid\Bindu Design\HBA548 Design\HBA548FULL NECK.DST,C:\Users\Asus\embroidery-finder\dst_images\Bindu_HBA548 Design_HBA548FULL NECK.png,HBA548 Design,HBA548FULL NECK.DST,Bindu
C:\Users\Asus\all pendrive design\dual hybrid\Bindu Design\HBA560 Design\HBA560 B1.DST,C:\Users\Asus\embroidery-finder\dst_images\Bindu_HBA560 Design_HBA560 B1.png,HBA560 Design,HBA560 B1.DST,Bindu
C:\Users\Asus\all pendrive design\dual hybrid\Bindu Design\HBA560 Design\HBA560 FR.DST,C:\Users\Asus\embroidery-finder\dst_images\Bindu_HBA560 Design_HBA560 FR.png,HBA560 Design,HBA560 FR.DST,Bindu
C:\Users\Asus\all pendrive design\dual hybrid\Bindu Design\HBA560 Design\HBA560 FR1.DST,C:\Users\Asus\embroidery-finder\dst_images\Bindu_HBA560 Design_HBA560 FR1.png,HBA560 Design,HBA560 FR1.DST,Bindu
C:\Users\Asus\all pendrive design\dual hybrid\Bindu Design\HBA560 Design\HBA560 FULL.DST,C:\Users\Asus\embroidery-finder\dst_images\Bindu_HBA560 Design_HBA560 FULL.png,HBA560 Design,HBA560 FULL.DST,Bindu
C:\Users\Asus\all pendrive design\dual hybrid\Bindu Design\HBA560 Design\HBA560 H1.DST,C:\Users\Asus\embroidery-finder\dst_images\Bindu_HBA560 Design_HBA560 H1.png,HBA560 Design,HBA560 H1.DST,Bindu
C:\Users\Asus\all pendrive design\dual hybrid\Bindu Design\HBA560 Design\HBA560 HAND.DST,C:\Users\Asus\embroidery-finder\dst_images\Bindu_HBA560 Design_HBA560 HAND.png,HBA560 Design,HBA560 HAND.DST,Bindu
C:\Users\Asus\all pendrive design\dual hybrid\Bindu Design\HBA560 Design\HBA560 HANDFULL.DST,C:\Users\Asus\embroidery-finder\dst_images\Bindu_HBA560 Design_HBA560 HANDFULL.png,HBA560 Design,HBA560 HANDFULL.DST,Bindu
C:\Users\Asus\all pendrive design\dual hybrid\Bindu Design\JC 4628\B1-JC4628.DST,C:\Users\Asus\embroidery-finder\dst_images\Bindu_JC 4628_B1-JC4628.png,JC 4628,B1-JC4628.DST,Bindu
C:\Users\Asus\all pendrive design\dual hybrid\Bindu Design\JC 4628\B2-JC4628.DST,C:\Users\Asus\embroidery-finder\dst_images\Bindu_JC 4628_B2-JC4628.png,JC 4628,B2-JC4628.DST,Bindu
C:\Users\Asus\all pendrive design\dual hybrid\Bindu Design\JC 4628\FR-JC4628.DST,C:\Users\Asus\embroidery-finder\dst_images\Bindu_JC 4628_FR-JC4628.png,JC 4628,FR-JC4628.DST,Bindu
C:\Users\Asus\all pendrive design\dual hybrid\Bindu Design\JC 4628\FR1-JC4628.DST,C:\Users\Asus\embroidery-finder\dst_images\Bindu_JC 4628_FR1-JC4628.png,JC 4628,FR1-JC4628.DST,Bindu
C:\Users\Asus\all pendrive design\dual hybrid\Bindu Design\JC 4628\FULL-JC4628.DST,C:\Users\Asus\embroidery-finder\dst_images\Bindu_JC 4628_FULL-JC4628.png,JC 4628,FULL-JC4628.DST,Bindu
C:\Users\Asus\all pendrive design\dual hybrid\Bindu Design\JC 4628\FULL1-JC4628.DST,C:\Users\Asus\embroidery-finder\dst_images\Bindu_JC 4628_FULL1-JC4628.png,JC 4628,FULL1-JC4628.DST,Bindu
C:\Users\Asus\all pendrive design\dual hybrid\Bindu Design\JC 4628\H-JC4628.DST,C:\Users\Asus\embroidery-finder\dst_images\Bindu_JC 4628_H-JC4628.png,JC 4628,H-JC4628.DST,Bindu
C:\Users\Asus\all pendrive design\dual hybrid\Bindu Design\JC 4628\HAND-JC4628.DST,C:\Users\Asus\embroidery-finder\dst_images\Bindu_JC 4628_HAND-JC4628.png,JC 4628,HAND-JC4628.DST,Bindu
C:\Users\Asus\all pendrive design\dual hybrid\Bindu Design\JC 4628\HFULL-JC4628.DST,C:\Users\Asus\embroidery-finder\dst_images\Bindu_JC 4628_HFULL-JC4628.png,JC 4628,HFULL-JC4628.DST,Bindu
C:\Users\Asus\all pendrive design\dual hybrid\Bindu Design\JC 4628\HFULL1-JC4628.DST,C:\Users\Asus\embroidery-finder\dst_images\Bindu_JC 4628_HFULL1-JC4628.png,JC 4628,HFULL1-JC4628.DST,Bindu
C:\Users\Asus\all pendrive design\dual hybrid\Bindu Design\JC 4628\LEFT-JC4628.DST,C:\Users\Asus\embroidery-finder\dst_images\Bindu_JC 4628_LEFT-JC4628.png,JC 4628,LEFT-JC4628.DST,Bindu
C:\Users\Asus\all pendrive design\dual hybrid\Bindu Design\JC 4628\RIGHT-JC4628.DST,C:\Users\Asus\embroidery-finder\dst_images\Bindu_JC 4628_RIGHT-JC4628.png,JC 4628,RIGHT-JC4628.DST,Bindu
C:\Users\Asus\all pendrive design\dual hybrid\Bindu Design\JC 678 design\H-JC678.DST,C:\Users\Asus\embroidery-finder\dst_images\Bindu_JC 678 design_H-JC678.png,JC 678 design,H-JC678.DST,Bindu
C:\Users\Asus\all pendrive design\dual hybrid\Bindu Design\JC 678 design\JC 678 B1.DST,C:\Users\Asus\embroidery-finder\dst_images\Bindu_JC 678 design_JC 678 B1.png,JC 678 design,JC 678 B1.DST,Bindu
C:\Users\Asus\all pendrive design\dual hybrid\Bindu Design\JC 678 design\JC 678 B2.DST,C:\Users\Asus\embroidery-finder\dst_images\Bindu_JC 678 design_JC 678 B2.png,JC 678 design,JC 678 B2.DST,Bindu
C:\Users\Asus\all pendrive design\dual hybrid\Bindu Design\JC 678 design\JC 678 CENTER.DST,C:\Users\Asus\embroidery-finder\dst_images\Bindu_JC 678 design_JC 678 CENTER.png,JC 678 design,JC 678 CENTER.DST,Bindu
C:\Users\Asus\all pendrive design\dual hybrid\Bindu Design\JC 678 design\JC 678 FRONT.DST,C:\Users\Asus\embroidery-finder\dst_images\Bindu_JC 678 design_JC 678 FRONT.png,JC 678 design,JC 678 FRONT.DST,Bindu
C:\Users\Asus\all pendrive design\dual hybrid\Bindu Design\JC 678 design\JC 678 Fullhand.DST,C:\Users\Asus\embroidery-finder\dst_images\Bindu_JC 678 design_JC 678 Fullhand.png,JC 678 design,JC 678 Fullhand.DST,Bindu
C:\Users\Asus\all pendrive design\dual hybrid\Bindu Design\JC 678 design\JC 678 FullNeck.DST,C:\Users\Asus\embroidery-finder\dst_images\Bindu_JC 678 design_JC 678 FullNeck.png,JC 678 design,JC 678 FullNeck.DST,Bindu
C:\Users\Asus\all pendrive design\dual hybrid\Bindu Design\JC 678 design\JC 678 HAND.DST,C:\Users\Asus\embroidery-finder\dst_images\Bindu_JC 678 design_JC 678 HAND.png,JC 678 design,JC 678 HAND.DST,Bindu
C:\Users\Asus\all pendrive design\dual hybrid\Bindu Design\JC 678 design\JC 678 HLEFT.DST,C:\Users\Asus\embroidery-finder\dst_images\Bindu_JC 678 design_JC 678 HLEFT.png,JC 678 design,JC 678 HLEFT.DST,Bindu
C:\Users\Asus\all pendrive design\dual hybrid\Bindu Design\JC 678 design\JC 678 HRIGHT.DST,C:\Users\Asus\embroidery-finder\dst_images\Bindu_JC 678 design_JC 678 HRIGHT.png,JC 678 design,JC 678 HRIGHT.DST,Bindu
C:\Users\Asus\all pendrive design\dual hybrid\Bindu Design\JC 678 design\JC 678 LEFT.DST,C:\Users\Asus\embroidery-finder\dst_images\Bindu_JC 678 design_JC 678 LEFT.png,JC 678 design,JC 678 LEFT.DST,Bindu
C:\Users\Asus\all pendrive design\dual hybrid\Bindu Design\JC 678 design\JC 678 RIGHT.DST,C:\Users\Asus\embroidery-finder\dst_images\Bindu_JC 678 design_JC 678 RIGHT.png,JC 678 design,JC 678 RIGHT.DST,Bindu
C:\Users\Asus\all pendrive design\dual hybrid\Bindu Design\JC 678 design\sleeve-line.DST,C:\Users\Asus\embroidery-finder\dst_images\Bindu_JC 678 design_sleeve-line.png,JC 678 design,sleeve-line.DST,Bindu
C:\Users\Asus\all pendrive design\dual hybrid\Bindu Design\JC-4231\4518 Bu-1.DST,C:\Users\Asus\embroidery-finder\dst_images\Bindu_JC-4231_4518 Bu-1.png,JC-4231,4518 Bu-1.DST,Bindu
C:\Users\Asus\all pendrive design\dual hybrid\Bindu Design\JC-4231\4518 Bu-2.DST,C:\Users\Asus\embroidery-finder\dst_images\Bindu_JC-4231_4518 Bu-2.png,JC-4231,4518 Bu-2.DST,Bindu
C:\Users\Asus\all pendrive design\dual hybrid\Bindu Design\JC-4231\4518 Fr.DST,C:\Users\Asus\embroidery-finder\dst_images\Bindu_JC-4231_4518 Fr.png,JC-4231,4518 Fr.DST,Bindu
C:\Users\Asus\all pendrive design\dual hybrid\Bindu Design\JC-4231\4518 H-1.DST,C:\Users\Asus\embroidery-finder\dst_images\Bindu_JC-4231_4518 H-1.png,JC-4231,4518 H-1.DST,Bindu
C:\Users\Asus\all pendrive design\dual hybrid\Bindu Design\JC-4231\4518 H-2-Bot (1).DST,C:\Users\Asus\embroidery-finder\dst_images\Bindu_JC-4231_4518 H-2-Bot (1).png,JC-4231,4518 H-2-Bot (1).DST,Bindu
C:\Users\Asus\all pendrive design\dual hybrid\Bindu Design\JC-4231\4518 H-2-Bot.DST,C:\Users\Asus\embroidery-finder\dst_images\Bindu_JC-4231_4518 H-2-Bot.png,JC-4231,4518 H-2-Bot.DST,Bindu
C:\Users\Asus\all pendrive design\dual hybrid\Bindu Design\JC-4231\4518 H-3Full.DST,C:\Users\Asus\embroidery-finder\dst_images\Bindu_JC-4231_4518 H-3Full.png,JC-4231,4518 H-3Full.DST,Bindu
C:\Users\Asus\all pendrive design\dual hybrid\Bindu Design\JC-4231\4518 N-Full.DST,C:\Users\Asus\embroidery-finder\dst_images\Bindu_JC-4231_4518 N-Full.png,JC-4231,4518 N-Full.DST,Bindu
C:\Users\Asus\all pendrive design\dual hybrid\Bindu Design\JC-4231\5-6-10 BACK.DST,C:\Users\Asus\embroidery-finder\dst_images\Bindu_JC-4231_5-6-10 BACK.png,JC-4231,5-6-10 BACK.DST,Bindu
C:\Users\Asus\all pendrive design\dual hybrid\Bindu Design\JC-4537\B1-JC4537.DST,C:\Users\Asus\embroidery-finder\dst_images\Bindu_JC-4537_B1-JC4537.png,JC-4537,B1-JC4537.DST,Bindu
C:\Users\Asus\all pendrive design\dual hybrid\Bindu Design\JC-4537\B2-JC4537.DST,C:\Users\Asus\embroidery-finder\dst_images\Bindu_JC-4537_B2-JC4537.png,JC-4537,B2-JC4537.DST,Bindu
C:\Users\Asus\all pendrive design\dual hybrid\Bindu Design\JC-4537\B3-JC4537.DST,C:\Users\Asus\embroidery-finder\dst_images\Bindu_JC-4537_B3-JC4537.png,JC-4537,B3-JC4537.DST,Bindu
C:\Users\Asus\all pendrive design\dual hybrid\Bindu Design\JC-4537\EXTRA-JC4537.DST,C:\Users\Asus\embroidery-finder\dst_images\Bindu_JC-4537_EXTRA-JC4537.png,JC-4537,EXTRA-JC4537.DST,Bindu
C:\Users\Asus\all pendrive design\dual hybrid\Bindu Design\JC-4537\FR-JC4537.DST,C:\Users\Asus\embroidery-finder\dst_images\Bindu_JC-4537_FR-JC4537.png,JC-4537,FR-JC4537.DST,Bindu
C:\Users\Asus\all pendrive design\dual hybrid\Bindu Design\JC-4537\FULL HAND.DST,C:\Users\Asus\embroidery-finder\dst_images\Bindu_JC-4537_FULL HAND.png,JC-4537,FULL HAND.DST,Bindu
C:\Users\Asus\all pendrive design\dual hybrid\Bindu Design\JC-4537\FULL HAND1.DST,C:\Users\Asus\embroidery-finder\dst_images\Bindu_JC-4537_FULL HAND1.png,JC-4537,FULL HAND1.DST,Bindu
C:\Users\Asus\all pendrive design\dual hybrid\Bindu Design\JC-4537\FULL NECK (3).DST,C:\Users\Asus\embroidery-finder\dst_images\Bindu_JC-4537_FULL NECK (3).png,JC-4537,FULL NECK (3).DST,Bindu
C:\Users\Asus\all pendrive design\dual hybrid\Bindu Design\JC-4537\FULL NECK1.DST,C:\Users\Asus\embroidery-finder\dst_images\Bindu_JC-4537_FULL NECK1.png,JC-4537,FULL NECK1.DST,Bindu
C:\Users\Asus\all pendrive design\dual hybrid\Bindu Design\JC-4537\H-JC4537.DST,C:\Users\Asus\embroidery-finder\dst_images\Bindu_JC-4537_H-JC4537.png,JC-4537,H-JC4537.DST,Bindu
C:\Users\Asus\all pendrive design\dual hybrid\Bindu Design\JC-4537\H2-JC4537.DST,C:\Users\Asus\embroidery-finder\dst_images\Bindu_JC-4537_H2-JC4537.png,JC-4537,H2-JC4537.DST,Bindu
C:\Users\Asus\all pendrive design\dual hybrid\Bindu Design\JC-4537\HAND-JC4537.DST,C:\Users\Asus\embroidery-finder\dst_images\Bindu_JC-4537_HAND-JC4537.png,JC-4537,HAND-JC4537.DST,Bindu
C:\Users\Asus\all pendrive design\dual hybrid\Bindu Design\JC-4537\HAND.DST,C:\Users\Asus\embroidery-finder\dst_images\Bindu_JC-4537_HAND.png,JC-4537,HAND.DST,Bindu
C:\Users\Asus\all pendrive design\dual hybrid\Bindu Design\JC-4537\HAND2-JC4537.DST,C:\Users\Asus\embroidery-finder\dst_images\Bindu_JC-4537_HAND2-JC4537.png,JC-4537,HAND2-JC4537.DST,Bindu
C:\Users\Asus\all pendrive design\dual hybrid\Bindu Design\JC-4899\5inch-back.DST,C:\Users\Asus\embroidery-finder\dst_images\Bindu_JC-4899_5inch-back.png,JC-4899,5inch-back.DST,Bindu
C:\Users\Asus\all pendrive design\dual hybrid\Bindu Design\JC-4899\B1-JC4899.DST,C:\Users\Asus\embroidery-finder\dst_images\Bindu_JC-4899_B1-JC4899.png,JC-4899,B1-JC4899.DST,Bindu
C:\Users\Asus\all pendrive design\dual hybrid\Bindu Design\JC-4899\B2-JC4899.DST,C:\Users\Asus\embroidery-finder\dst_images\Bindu_JC-4899_B2-JC4899.png,JC-4899,B2-JC4899.DST,Bindu
C:\Users\Asus\all pendrive design\dual hybrid\Bindu Design\JC-4899\B3-JC4899.DST,C:\Users\Asus\embroidery-finder\dst_images\Bindu_JC-4899_B3-JC4899.png,JC-4899,B3-JC4899.DST,Bindu
C:\Users\Asus\all pendrive design\dual hybrid\Bindu Design\JC-4899\FR-JC4899.DST,C:\Users\Asus\embroidery-finder\dst_images\Bindu_JC-4899_FR-JC4899.png,JC-4899,FR-JC4899.DST,Bindu
C:\Users\Asus\all pendrive design\dual hybrid\Bindu Design\JC-4899\FR1-JC4899.DST,C:\Users\Asus\embroidery-finder\dst_images\Bindu_JC-4899_FR1-JC4899.png,JC-4899,FR1-JC4899.DST,Bindu
C:\Users\Asus\all pendrive design\dual hybrid\Bindu Design\JC-4899\FULL-JC4899.DST,C:\Users\Asus\embroidery-finder\dst_images\Bindu_JC-4899_FULL-JC4899.png,JC-4899,FULL-JC4899.DST,Bindu
C:\Users\Asus\all pendrive design\dual hybrid\Bindu Design\JC-4899\H-JC4899.DST,C:\Users\Asus\embroidery-finder\dst_images\Bindu_JC-4899_H-JC4899.png,JC-4899,H-JC4899.DST,Bindu
C:\Users\Asus\all pendrive design\dual hybrid\Bindu Design\JC-4899\H1-JC4899.DST,C:\Users\Asus\embroidery-finder\dst_images\Bindu_JC-4899_H1-JC4899.png,JC-4899,H1-JC4899.DST,Bindu
C:\Users\Asus\all pendrive design\dual hybrid\Bindu Design\JC-4899\HAND-JC4899.DST,C:\Users\Asus\embroidery-finder\dst_images\Bindu_JC-4899_HAND-JC4899.png,JC-4899,HAND-JC4899.DST,Bindu
C:\Users\Asus\all pendrive design\dual hybrid\Bindu Design\JC-4899\HFULL-JC4899.DST,C:\Users\Asus\embroidery-finder\dst_images\Bindu_JC-4899_HFULL-JC4899.png,JC-4899,HFULL-JC4899.DST,Bindu
C:\Users\Asus\all pendrive design\dual hybrid\Bindu Design\JC-4899\HFULL1-JC4899.DST,C:\Users\Asus\embroidery-finder\dst_images\Bindu_JC-4899_HFULL1-JC4899.png,JC-4899,HFULL1-JC4899.DST,Bindu
C:\Users\Asus\all pendrive design\dual hybrid\Bindu Design\JC4319\B1-JC4319.DST,C:\Users\Asus\embroidery-finder\dst_images\Bindu_JC4319_B1-JC4319.png,JC4319,B1-JC4319.DST,Bindu
C:\Users\Asus\all pendrive design\dual hybrid\Bindu Design\JC4319\B2-JC4319.DST,C:\Users\Asus\embroidery-finder\dst_images\Bindu_JC4319_B2-JC4319.png,JC4319,B2-JC4319.DST,Bindu
C:\Users\Asus\all pendrive design\dual hybrid\Bindu Design\JC4319\B3-JC4319.DST,C:\Users\Asus\embroidery-finder\dst_images\Bindu_JC4319_B3-JC4319.png,JC4319,B3-JC4319.DST,Bindu
C:\Users\Asus\all pendrive design\dual hybrid\Bindu Design\JC4319\DR-JC4319.DST,C:\Users\Asus\embroidery-finder\dst_images\Bindu_JC4319_DR-JC4319.png,JC4319,DR-JC4319.DST,Bindu
C:\Users\Asus\all pendrive design\dual hybrid\Bindu Design\JC4319\DRLEFT-JC4319.DST,C:\Users\Asus\embroidery-finder\dst_images\Bindu_JC4319_DRLEFT-JC4319.png,JC4319,DRLEFT-JC4319.DST,Bindu
C:\Users\Asus\all pendrive design\dual hybrid\Bindu Design\JC4319\DRRIGHT-JC4319.DST,C:\Users\Asus\embroidery-finder\dst_images\Bindu_JC4319_DRRIGHT-JC4319.png,JC4319,DRRIGHT-JC4319.DST,Bindu
C:\Users\Asus\all pendrive design\dual hybrid\Bindu Design\JC4319\FR-JC4319.DST,C:\Users\Asus\embroidery-finder\dst_images\Bindu_JC4319_FR-JC4319.png,JC4319,FR-JC4319.DST,Bindu
C:\Users\Asus\all pendrive design\dual hybrid\Bindu Design\JC4319\FR1-JC4319.DST,C:\Users\Asus\embroidery-finder\dst_images\Bindu_JC4319_FR1-JC4319.png,JC4319,FR1-JC4319.DST,Bindu
C:\Users\Asus\all pendrive design\dual hybrid\Bindu Design\JC4319\FULL-JC4319.DST,C:\Users\Asus\embroidery-finder\dst_images\Bindu_JC4319_FULL-JC4319.png,JC4319,FULL-JC4319.DST,Bindu
C:\Users\Asus\all pendrive design\dual hybrid\Bindu Design\JC4319\FULL1-JC4319.DST,C:\Users\Asus\embroidery-finder\dst_images\Bindu_JC4319_FULL1-JC4319.png,JC4319,FULL1-JC4319.DST,Bindu
C:\Users\Asus\all pendrive design\dual hybrid\Bindu Design\JC4319\H-JC4319.DST,C:\Users\Asus\embroidery-finder\dst_images\Bindu_JC4319_H-JC4319.png,JC4319,H-JC4319.DST,Bindu
C:\Users\Asus\all pendrive design\dual hybrid\Bindu Design\JC4319\HAND-JC4319.DST,C:\Users\Asus\embroidery-finder\dst_images\Bindu_JC4319_HAND-JC4319.png,JC4319,HAND-JC4319.DST,Bindu
C:\Users\Asus\all pendrive design\dual hybrid\Bindu Design\JC4319\HANDJ-JC4319.DST,C:\Users\Asus\embroidery-finder\dst_images\Bindu_JC4319_HANDJ-JC4319.png,JC4319,HANDJ-JC4319.DST,Bindu
C:\Users\Asus\all pendrive design\dual hybrid\Bindu Design\JC4319\HFULL-JC4319.DST,C:\Users\Asus\embroidery-finder\dst_images\Bindu_JC4319_HFULL-JC4319.png,JC4319,HFULL-JC4319.DST,Bindu
C:\Users\Asus\all pendrive design\dual hybrid\Bindu Design\JC4319\LEFT-JC4319.DST,C:\Users\Asus\embroidery-finder\dst_images\Bindu_JC4319_LEFT-JC4319.png,JC4319,LEFT-JC4319.DST,Bindu
C:\Users\Asus\all pendrive design\dual hybrid\Bindu Design\JC4319\RIGHT-JC4319.DST,C:\Users\Asus\embroidery-finder\dst_images\Bindu_JC4319_RIGHT-JC4319.png,JC4319,RIGHT-JC4319.DST,Bindu
C:\Users\Asus\all pendrive design\dual hybrid\Bindu Design\JC4502\B1-JC4502.DST,C:\Users\Asus\embroidery-finder\dst_images\Bindu_JC4502_B1-JC4502.png,JC4502,B1-JC4502.DST,Bindu
C:\Users\Asus\all pendrive design\dual hybrid\Bindu Design\JC4502\B2-JC4502.DST,C:\Users\Asus\embroidery-finder\dst_images\Bindu_JC4502_B2-JC4502.png,JC4502,B2-JC4502.DST,Bindu
C:\Users\Asus\all pendrive design\dual hybrid\Bindu Design\JC4502\BACK-JC4502.DST,C:\Users\Asus\embroidery-finder\dst_images\Bindu_JC4502_BACK-JC4502.png,JC4502,BACK-JC4502.DST,Bindu
C:\Users\Asus\all pendrive design\dual hybrid\Bindu Design\JC4502\FR-JC4502.DST,C:\Users\Asus\embroidery-finder\dst_images\Bindu_JC4502_FR-JC4502.png,JC4502,FR-JC4502.DST,Bindu
C:\Users\Asus\all pendrive design\dual hybrid\Bindu Design\JC4502\H-JC4502.DST,C:\Users\Asus\embroidery-finder\dst_images\Bindu_JC4502_H-JC4502.png,JC4502,H-JC4502.DST,Bindu
C:\Users\Asus\all pendrive design\dual hybrid\Bindu Design\JC4502\H1-JC4502.DST,C:\Users\Asus\embroidery-finder\dst_images\Bindu_JC4502_H1-JC4502.png,JC4502,H1-JC4502.DST,Bindu
C:\Users\Asus\all pendrive design\dual hybrid\Bindu Design\JC4502\HAND FULL 2-JC4502.DST,C:\Users\Asus\embroidery-finder\dst_images\Bindu_JC4502_HAND FULL 2-JC4502.png,JC4502,HAND FULL 2-JC4502.DST,Bindu
C:\Users\Asus\all pendrive design\dual hybrid\Bindu Design\JC4502\HAND-JC4502.DST,C:\Users\Asus\embroidery-finder\dst_images\Bindu_JC4502_HAND-JC4502.png,JC4502,HAND-JC4502.DST,Bindu
C:\Users\Asus\all pendrive design\dual hybrid\Bindu Design\JC4502\HAND1-JC4502.DST,C:\Users\Asus\embroidery-finder\dst_images\Bindu_JC4502_HAND1-JC4502.png,JC4502,HAND1-JC4502.DST,Bindu
C:\Users\Asus\all pendrive design\dual hybrid\Bindu Design\JC4502\HAND2-JC4502.DST,C:\Users\Asus\embroidery-finder\dst_images\Bindu_JC4502_HAND2-JC4502.png,JC4502,HAND2-JC4502.DST,Bindu
C:\Users\Asus\all pendrive design\dual hybrid\Bindu Design\JC4502\HAND3-JC4502.DST,C:\Users\Asus\embroidery-finder\dst_images\Bindu_JC4502_HAND3-JC4502.png,JC4502,HAND3-JC4502.DST,Bindu
C:\Users\Asus\all pendrive design\dual hybrid\Bindu Design\JC4502\HANDFULL 1-JC4502.DST,C:\Users\Asus\embroidery-finder\dst_images\Bindu_JC4502_HANDFULL 1-JC4502.png,JC4502,HANDFULL 1-JC4502.DST,Bindu
C:\Users\Asus\all pendrive design\dual hybrid\Bindu Design\JC4529\B1-JC4529.DST,C:\Users\Asus\embroidery-finder\dst_images\Bindu_JC4529_B1-JC4529.png,JC4529,B1-JC4529.DST,Bindu
C:\Users\Asus\all pendrive design\dual hybrid\Bindu Design\JC4529\FR-JC4529.DST,C:\Users\Asus\embroidery-finder\dst_images\Bindu_JC4529_FR-JC4529.png,JC4529,FR-JC4529.DST,Bindu
C:\Users\Asus\all pendrive design\dual hybrid\Bindu Design\JC4529\H-JC4529.DST,C:\Users\Asus\embroidery-finder\dst_images\Bindu_JC4529_H-JC4529.png,JC4529,H-JC4529.DST,Bindu
C:\Users\Asus\all pendrive design\dual hybrid\Bindu Design\JC4529\HAND LEFT.DST,C:\Users\Asus\embroidery-finder\dst_images\Bindu_JC4529_HAND LEFT.png,JC4529,HAND LEFT.DST,Bindu
C:\Users\Asus\all pendrive design\dual hybrid\Bindu Design\JC4529\HAND RIGHT.DST,C:\Users\Asus\embroidery-finder\dst_images\Bindu_JC4529_HAND RIGHT.png,JC4529,HAND RIGHT.DST,Bindu
C:\Users\Asus\all pendrive design\dual hybrid\Bindu Design\JC4529\HAND-JC4529.DST,C:\Users\Asus\embroidery-finder\dst_images\Bindu_JC4529_HAND-JC4529.png,JC4529,HAND-JC4529.DST,Bindu
C:\Users\Asus\all pendrive design\dual hybrid\Bindu Design\JC4529\LEFT PATCH.DST,C:\Users\Asus\embroidery-finder\dst_images\Bindu_JC4529_LEFT PATCH.png,JC4529,LEFT PATCH.DST,Bindu
C:\Users\Asus\all pendrive design\dual hybrid\Bindu Design\JC4529\LEFT.DST,C:\Users\Asus\embroidery-finder\dst_images\Bindu_JC4529_LEFT.png,JC4529,LEFT.DST,Bindu
C:\Users\Asus\all pendrive design\dual hybrid\Bindu Design\JC4529\RIGHT PATCH.DST,C:\Users\Asus\embroidery-finder\dst_images\Bindu_JC4529_RIGHT PATCH.png,JC4529,RIGHT PATCH.DST,Bindu
C:\Users\Asus\all pendrive design\dual hybrid\Bindu Design\JC4529\RIGHT.DST,C:\Users\Asus\embroidery-finder\dst_images\Bindu_JC4529_RIGHT.png,JC4529,RIGHT.DST,Bindu
C:\Users\Asus\all pendrive design\dual hybrid\Bindu Design\JC4529\selvee line.DST,C:\Users\Asus\embroidery-finder\dst_images\Bindu_JC4529_selvee line.png,JC4529,selvee line.DST,Bindu
C:\Users\Asus\all pendrive design\dual hybrid\Bindu Design\JC4529 NEW\7 inch front.DST,C:\Users\Asus\embroidery-finder\dst_images\Bindu_JC4529 NEW_7 inch front.png,JC4529 NEW,7 inch front.DST,Bindu
C:\Users\Asus\all pendrive design\dual hybrid\Bindu Design\JC4529 NEW\B1-JC4529.DST,C:\Users\Asus\embroidery-finder\dst_images\Bindu_JC4529 NEW_B1-JC4529.png,JC4529 NEW,B1-JC4529.DST,Bindu
C:\Users\Asus\all pendrive design\dual hybrid\Bindu Design\JC4529 NEW\back alternation (3).DST,C:\Users\Asus\embroidery-finder\dst_images\Bindu_JC4529 NEW_back alternation (3).png,JC4529 NEW,back alternation (3).DST,Bindu
C:\Users\Asus\all pendrive design\dual hybrid\Bindu Design\JC4529 NEW\FR-JC4529.DST,C:\Users\Asus\embroidery-finder\dst_images\Bindu_JC4529 NEW_FR-JC4529.png,JC4529 NEW,FR-JC4529.DST,Bindu
C:\Users\Asus\all pendrive design\dual hybrid\Bindu Design\JC4529 NEW\FULL HAND WITH BUTI-JC4529.DST,C:\Users\Asus\embroidery-finder\dst_images\Bindu_JC4529 NEW_FULL HAND WITH BUTI-JC4529.png,JC4529 NEW,FULL HAND WITH BUTI-JC4529.DST,Bindu
C:\Users\Asus\all pendrive design\dual hybrid\Bindu Design\JC4529 NEW\FULL HAND-JC4529.DST,C:\Users\Asus\embroidery-finder\dst_images\Bindu_JC4529 NEW_FULL HAND-JC4529.png,JC4529 NEW,FULL HAND-JC4529.DST,Bindu
C:\Users\Asus\all pendrive design\dual hybrid\Bindu Design\JC4529 NEW\FULL NECK-JC4529.DST,C:\Users\Asus\embroidery-finder\dst_images\Bindu_JC4529 NEW_FULL NECK-JC4529.png,JC4529 NEW,FULL NECK-JC4529.DST,Bindu
C:\Users\Asus\all pendrive design\dual hybrid\Bindu Design\JC4529 NEW\FULL NECK2-JC4529.DST,C:\Users\Asus\embroidery-finder\dst_images\Bindu_JC4529 NEW_FULL NECK2-JC4529.png,JC4529 NEW,FULL NECK2-JC4529.DST,Bindu
C:\Users\Asus\all pendrive design\dual hybrid\Bindu Design\JC4529 NEW\H-JC4529.DST,C:\Users\Asus\embroidery-finder\dst_images\Bindu_JC4529 NEW_H-JC4529.png,JC4529 NEW,H-JC4529.DST,Bindu
C:\Users\Asus\all pendrive design\dual hybrid\Bindu Design\JC4529 NEW\HAND BUTI-JC4529.DST,C:\Users\Asus\embroidery-finder\dst_images\Bindu_JC4529 NEW_HAND BUTI-JC4529.png,JC4529 NEW,HAND BUTI-JC4529.DST,Bindu
C:\Users\Asus\all pendrive design\dual hybrid\Bindu Design\JC4529 NEW\HAND-JC4529.DST,C:\Users\Asus\embroidery-finder\dst_images\Bindu_JC4529 NEW_HAND-JC4529.png,JC4529 NEW,HAND-JC4529.DST,Bindu
C:\Users\Asus\all pendrive design\dual hybrid\Bindu Design\JC4529 NEW\selvee 1.DST,C:\Users\Asus\embroidery-finder\dst_images\Bindu_JC4529 NEW_selvee 1.png,JC4529 NEW,selvee 1.DST,Bindu
C:\Users\Asus\all pendrive design\dual hybrid\Bindu Design\JC4529 NEW\selvee 2.DST,C:\Users\Asus\embroidery-finder\dst_images\Bindu_JC4529 NEW_selvee 2.png,JC4529 NEW,selvee 2.DST,Bindu
C:\Users\Asus\all pendrive design\dual hybrid\Bindu Design\JC4738 design\B1-JC4738.DST,C:\Users\Asus\embroidery-finder\dst_images\Bindu_JC4738 design_B1-JC4738.png,JC4738 design,B1-JC4738.DST,Bindu
C:\Users\Asus\all pendrive design\dual hybrid\Bindu Design\JC4738 design\B2-JC4738.DST,C:\Users\Asus\embroidery-finder\dst_images\Bindu_JC4738 design_B2-JC4738.png,JC4738 design,B2-JC4738.DST,Bindu
C:\Users\Asus\all pendrive design\dual hybrid\Bindu Design\JC4738 design\BN-JC4738.DST,C:\Users\Asus\embroidery-finder\dst_images\Bindu_JC4738 design_BN-JC4738.png,JC4738 design,BN-JC4738.DST,Bindu
C:\Users\Asus\all pendrive design\dual hybrid\Bindu Design\JC4738 design\FR-JC4738.DST,C:\Users\Asus\embroidery-finder\dst_images\Bindu_JC4738 design_FR-JC4738.png,JC4738 design,FR-JC4738.DST,Bindu
C:\Users\Asus\all pendrive design\dual hybrid\Bindu Design\JC4738 design\FR1-JC4738.DST,C:\Users\Asus\embroidery-finder\dst_images\Bindu_JC4738 design_FR1-JC4738.png,JC4738 design,FR1-JC4738.DST,Bindu
C:\Users\Asus\all pendrive design\dual hybrid\Bindu Design\JC4738 design\FULL-JC4738.DST,C:\Users\Asus\embroidery-finder\dst_images\Bindu_JC4738 design_FULL-JC4738.png,JC4738 design,FULL-JC4738.DST,Bindu
C:\Users\Asus\all pendrive design\dual hybrid\Bindu Design\JC4738 design\FULL1-JC4738.DST,C:\Users\Asus\embroidery-finder\dst_images\Bindu_JC4738 design_FULL1-JC4738.png,JC4738 design,FULL1-JC4738.DST,Bindu
C:\Users\Asus\all pendrive design\dual hybrid\Bindu Design\JC4738 design\H-JC4738.DST,C:\Users\Asus\embroidery-finder\dst_images\Bindu_JC4738 design_H-JC4738.png,JC4738 design,H-JC4738.DST,Bindu
C:\Users\Asus\all pendrive design\dual hybrid\Bindu Design\JC4738 design\HAND-JC4738.DST,C:\Users\Asus\embroidery-finder\dst_images\Bindu_JC4738 design_HAND-JC4738.png,JC4738 design,HAND-JC4738.DST,Bindu
C:\Users\Asus\all pendrive design\dual hybrid\Bindu Design\JC4738 design\HFULL-JC4738.DST,C:\Users\Asus\embroidery-finder\dst_images\Bindu_JC4738 design_HFULL-JC4738.png,JC4738 design,HFULL-JC4738.DST,Bindu
C:\Users\Asus\all pendrive design\dual hybrid\Bindu Design\JC4738 design\HFULL1-JC4738.DST,C:\Users\Asus\embroidery-finder\dst_images\Bindu_JC4738 design_HFULL1-JC4738.png,JC4738 design,HFULL1-JC4738.DST,Bindu
C:\Users\Asus\all pendrive design\dual hybrid\Bindu Design\JC4738 design\LEFT-JC4738.DST,C:\Users\Asus\embroidery-finder\dst_images\Bindu_JC4738 design_LEFT-JC4738.png,JC4738 design,LEFT-JC4738.DST,Bindu
C:\Users\Asus\all pendrive design\dual hybrid\Bindu Design\JC4738 design\RIGHT-JC4738.DST,C:\Users\Asus\embroidery-finder\dst_images\Bindu_JC4738 design_RIGHT-JC4738.png,JC4738 design,RIGHT-JC4738.DST,Bindu
C:\Users\Asus\all pendrive design\dual hybrid\Bindu Design\Kashya\5-6.5-10.5.DST,C:\Users\Asus\embroidery-finder\dst_images\Bindu_Kashya_5-6.5-10.5.png,Kashya,5-6.5-10.5.DST,Bindu
C:\Users\Asus\all pendrive design\dual hybrid\Bindu Design\Kashya\B1.DST,C:\Users\Asus\embroidery-finder\dst_images\Bindu_Kashya_B1.png,Kashya,B1.DST,Bindu
C:\Users\Asus\all pendrive design\dual hybrid\Bindu Design\Kashya\B2.DST,C:\Users\Asus\embroidery-finder\dst_images\Bindu_Kashya_B2.png,Kashya,B2.DST,Bindu
C:\Users\Asus\all pendrive design\dual hybrid\Bindu Design\Kashya\B3.DST,C:\Users\Asus\embroidery-finder\dst_images\Bindu_Kashya_B3.png,Kashya,B3.DST,Bindu
C:\Users\Asus\all pendrive design\dual hybrid\Bindu Design\Kashya\buta-patti.DST,C:\Users\Asus\embroidery-finder\dst_images\Bindu_Kashya_buta-patti.png,Kashya,buta-patti.DST,Bindu
C:\Users\Asus\all pendrive design\dual hybrid\Bindu Design\Kashya\fr.DST,C:\Users\Asus\embroidery-finder\dst_images\Bindu_Kashya_fr.png,Kashya,fr.DST,Bindu
C:\Users\Asus\all pendrive design\dual hybrid\Bindu Design\Kashya\full (27).DST,C:\Users\Asus\embroidery-finder\dst_images\Bindu_Kashya_full (27).png,Kashya,full (27).DST,Bindu
C:\Users\Asus\all pendrive design\dual hybrid\Bindu Design\Kashya\hand.DST,C:\Users\Asus\embroidery-finder\dst_images\Bindu_Kashya_hand.png,Kashya,hand.DST,Bindu
C:\Users\Asus\all pendrive design\dual hybrid\Bindu Design\Kashya\handfull.DST,C:\Users\Asus\embroidery-finder\dst_images\Bindu_Kashya_handfull.png,Kashya,handfull.DST,Bindu
C:\Users\Asus\all pendrive design\dual hybrid\Bindu Design\Kashya\handfull1.DST,C:\Users\Asus\embroidery-finder\dst_images\Bindu_Kashya_handfull1.png,Kashya,handfull1.DST,Bindu
C:\Users\Asus\all pendrive design\dual hybrid\Bindu Design\Kashya\patti.DST,C:\Users\Asus\embroidery-finder\dst_images\Bindu_Kashya_patti.png,Kashya,patti.DST,Bindu
C:\Users\Asus\all pendrive design\dual hybrid\Bindu Design\Kashya\patti2.DST,C:\Users\Asus\embroidery-finder\dst_images\Bindu_Kashya_patti2.png,Kashya,patti2.DST,Bindu
C:\Users\Asus\all pendrive design\dual hybrid\Bindu Design\LN\194.DST,C:\Users\Asus\embroidery-finder\dst_images\Bindu_LN_194.png,LN,194.DST,Bindu
C:\Users\Asus\all pendrive design\dual hybrid\Bindu Design\LN\LN Dgn - 0821 B.DST,C:\Users\Asus\embroidery-finder\dst_images\Bindu_LN_LN Dgn - 0821 B.png,LN,LN Dgn - 0821 B.DST,Bindu
C:\Users\Asus\all pendrive design\dual hybrid\Bindu Design\LN\LN Dgn - 0821 B1.DST,C:\Users\Asus\embroidery-finder\dst_images\Bindu_LN_LN Dgn - 0821 B1.png,LN,LN Dgn - 0821 B1.DST,Bindu
C:\Users\Asus\all pendrive design\dual hybrid\Bindu Design\LN\LN Dgn - 0821 F.DST,C:\Users\Asus\embroidery-finder\dst_images\Bindu_LN_LN Dgn - 0821 F.png,LN,LN Dgn - 0821 F.DST,Bindu
C:\Users\Asus\all pendrive design\dual hybrid\Bindu Design\LN\LN Dgn - 0821 H11.DST,C:\Users\Asus\embroidery-finder\dst_images\Bindu_LN_LN Dgn - 0821 H11.png,LN,LN Dgn - 0821 H11.DST,Bindu
C:\Users\Asus\all pendrive design\dual hybrid\Bindu Design\LN\LN Dgn - 0821 H2.DST,C:\Users\Asus\embroidery-finder\dst_images\Bindu_LN_LN Dgn - 0821 H2.png,LN,LN Dgn - 0821 H2.DST,Bindu
C:\Users\Asus\all pendrive design\dual hybrid\Bindu Design\LN\LN Dgn - 0821 Neck.DST,C:\Users\Asus\embroidery-finder\dst_images\Bindu_LN_LN Dgn - 0821 Neck.png,LN,LN Dgn - 0821 Neck.DST,Bindu
C:\Users\Asus\all pendrive design\dual hybrid\Bindu Design\LN\LN Dgn - 0821.DST,C:\Users\Asus\embroidery-finder\dst_images\Bindu_LN_LN Dgn - 0821.png,LN,LN Dgn - 0821.DST,Bindu
C:\Users\Asus\all pendrive design\dual hybrid\Bindu Design\LN\LN Dgn.DST,C:\Users\Asus\embroidery-finder\dst_images\Bindu_LN_LN Dgn.png,LN,LN Dgn.DST,Bindu
C:\Users\Asus\all pendrive design\dual hybrid\Bindu Design\PB729 design\Pb729 back.DST,C:\Users\Asus\embroidery-finder\dst_images\Bindu_PB729 design_Pb729 back.png,PB729 design,Pb729 back.DST,Bindu
C:\Users\Asus\all pendrive design\dual hybrid\Bindu Design\PB729 design\Pb729-F.DST,C:\Users\Asus\embroidery-finder\dst_images\Bindu_PB729 design_Pb729-F.png,PB729 design,Pb729-F.DST,Bindu
C:\Users\Asus\all pendrive design\dual hybrid\Bindu Design\PB729 design\Pb729-full hand.DST,C:\Users\Asus\embroidery-finder\dst_images\Bindu_PB729 design_Pb729-full hand.png,PB729 design,Pb729-full hand.DST,Bindu
C:\Users\Asus\all pendrive design\dual hybrid\Bindu Design\PB729 design\Pb729-L1.DST,C:\Users\Asus\embroidery-finder\dst_images\Bindu_PB729 design_Pb729-L1.png,PB729 design,Pb729-L1.DST,Bindu
C:\Users\Asus\all pendrive design\dual hybrid\Bindu Design\PB729 design\Pb729-L2.DST,C:\Users\Asus\embroidery-finder\dst_images\Bindu_PB729 design_Pb729-L2.png,PB729 design,Pb729-L2.DST,Bindu
C:\Users\Asus\all pendrive design\dual hybrid\Bindu Design\PB729 design\Pb729-R1.DST,C:\Users\Asus\embroidery-finder\dst_images\Bindu_PB729 design_Pb729-R1.png,PB729 design,Pb729-R1.DST,Bindu
C:\Users\Asus\all pendrive design\dual hybrid\Bindu Design\PB729 design\Pb729-R2.DST,C:\Users\Asus\embroidery-finder\dst_images\Bindu_PB729 design_Pb729-R2.png,PB729 design,Pb729-R2.DST,Bindu
C:\Users\Asus\all pendrive design\dual hybrid\Bindu Design\PB729 design\Pb729-S1.DST,C:\Users\Asus\embroidery-finder\dst_images\Bindu_PB729 design_Pb729-S1.png,PB729 design,Pb729-S1.DST,Bindu
C:\Users\Asus\all pendrive design\dual hybrid\Bindu Design\PB729 design\Pb729-S2 P1.DST,C:\Users\Asus\embroidery-finder\dst_images\Bindu_PB729 design_Pb729-S2 P1.png,PB729 design,Pb729-S2 P1.DST,Bindu
C:\Users\Asus\all pendrive design\dual hybrid\Bindu Design\PB729 design\Pb729-S2 P2.DST,C:\Users\Asus\embroidery-finder\dst_images\Bindu_PB729 design_Pb729-S2 P2.png,PB729 design,Pb729-S2 P2.DST,Bindu
C:\Users\Asus\all pendrive design\dual hybrid\Bindu Design\PB729 design\Pb729-S23.DST,C:\Users\Asus\embroidery-finder\dst_images\Bindu_PB729 design_Pb729-S23.png,PB729 design,Pb729-S23.DST,Bindu
C:\Users\Asus\all pendrive design\dual hybrid\Bindu Design\PE 65 Design\FULL HAND.DST,C:\Users\Asus\embroidery-finder\dst_images\Bindu_PE 65 Design_FULL HAND.png,PE 65 Design,FULL HAND.DST,Bindu
C:\Users\Asus\all pendrive design\dual hybrid\Bindu Design\PE 65 Design\FULL NECK (3).DST,C:\Users\Asus\embroidery-finder\dst_images\Bindu_PE 65 Design_FULL NECK (3).png,PE 65 Design,FULL NECK (3).DST,Bindu
C:\Users\Asus\all pendrive design\dual hybrid\Bindu Design\PE 65 Design\PE65 BUTI.DST,C:\Users\Asus\embroidery-finder\dst_images\Bindu_PE 65 Design_PE65 BUTI.png,PE 65 Design,PE65 BUTI.DST,Bindu
C:\Users\Asus\all pendrive design\dual hybrid\Bindu Design\PE 65 Design\PE65 front.DST,C:\Users\Asus\embroidery-finder\dst_images\Bindu_PE 65 Design_PE65 front.png,PE 65 Design,PE65 front.DST,Bindu
C:\Users\Asus\all pendrive design\dual hybrid\Bindu Design\PE 65 Design\PE65 hand.DST,C:\Users\Asus\embroidery-finder\dst_images\Bindu_PE 65 Design_PE65 hand.png,PE 65 Design,PE65 hand.DST,Bindu
C:\Users\Asus\all pendrive design\dual hybrid\Bindu Design\Veena\3 D.DST,C:\Users\Asus\embroidery-finder\dst_images\Bindu_Veena_3 D.png,Veena,3 D.DST,Bindu
C:\Users\Asus\all pendrive design\dual hybrid\Bindu Design\Veena\B 2.DST,C:\Users\Asus\embroidery-finder\dst_images\Bindu_Veena_B 2.png,Veena,B 2.DST,Bindu
C:\Users\Asus\all pendrive design\dual hybrid\Bindu Design\Veena\B 3.DST,C:\Users\Asus\embroidery-finder\dst_images\Bindu_Veena_B 3.png,Veena,B 3.DST,Bindu
C:\Users\Asus\all pendrive design\dual hybrid\Bindu Design\Veena\B 4.DST,C:\Users\Asus\embroidery-finder\dst_images\Bindu_Veena_B 4.png,Veena,B 4.DST,Bindu
C:\Users\Asus\all pendrive design\dual hybrid\Bindu Design\Veena\BUTTI.DST,C:\Users\Asus\embroidery-finder\dst_images\Bindu_Veena_BUTTI.png,Veena,BUTTI.DST,Bindu
C:\Users\Asus\all pendrive design\dual hybrid\Bindu Design\Veena\FRONT (16).DST,C:\Users\Asus\embroidery-finder\dst_images\Bindu_Veena_FRONT (16).png,Veena,FRONT (16).DST,Bindu
C:\Users\Asus\all pendrive design\dual hybrid\Bindu Design\Veena\FULLHAND.DST,C:\Users\Asus\embroidery-finder\dst_images\Bindu_Veena_FULLHAND.png,Veena,FULLHAND.DST,Bindu
C:\Users\Asus\all pendrive design\dual hybrid\Bindu Design\Veena\H.DST,C:\Users\Asus\embroidery-finder\dst_images\Bindu_Veena_H.png,Veena,H.DST,Bindu
C:\Users\Asus\all pendrive design\dual hybrid\Bindu Design\Veena\H2.DST,C:\Users\Asus\embroidery-finder\dst_images\Bindu_Veena_H2.png,Veena,H2.DST,Bindu
C:\Users\Asus\all pendrive design\dual hybrid\Bindu Design\Veena\NECK (1).DST,C:\Users\Asus\embroidery-finder\dst_images\Bindu_Veena_NECK (1).png,Veena,NECK (1).DST,Bindu
C:\Users\Asus\all pendrive design\dual hybrid\Varsha Creations\1059 design\1059 Bu-1.DST,C:\Users\Asus\embroidery-finder\dst_images\Varsha Creations_1059 design_1059 Bu-1.png,1059 design,1059 Bu-1.DST,Varsha Creations
C:\Users\Asus\all pendrive design\dual hybrid\Varsha Creations\1059 design\1059 Bu-2.DST,C:\Users\Asus\embroidery-finder\dst_images\Varsha Creations_1059 design_1059 Bu-2.png,1059 design,1059 Bu-2.DST,Varsha Creations
C:\Users\Asus\all pendrive design\dual hybrid\Varsha Creations\1059 design\1059 Fr.DST,C:\Users\Asus\embroidery-finder\dst_images\Varsha Creations_1059 design_1059 Fr.png,1059 design,1059 Fr.DST,Varsha Creations
C:\Users\Asus\all pendrive design\dual hybrid\Varsha Creations\1059 design\1059 H-1.DST,C:\Users\Asus\embroidery-finder\dst_images\Varsha Creations_1059 design_1059 H-1.png,1059 design,1059 H-1.DST,Varsha Creations
C:\Users\Asus\all pendrive design\dual hybrid\Varsha Creations\1059 design\1059 H-2.DST,C:\Users\Asus\embroidery-finder\dst_images\Varsha Creations_1059 design_1059 H-2.png,1059 design,1059 H-2.DST,Varsha Creations
C:\Users\Asus\all pendrive design\dual hybrid\Varsha Creations\1059 design\1059 H-3.DST,C:\Users\Asus\embroidery-finder\dst_images\Varsha Creations_1059 design_1059 H-3.png,1059 design,1059 H-3.DST,Varsha Creations
C:\Users\Asus\all pendrive design\dual hybrid\Varsha Creations\1059 design\1059 N-Full-1.DST,C:\Users\Asus\embroidery-finder\dst_images\Varsha Creations_1059 design_1059 N-Full-1.png,1059 design,1059 N-Full-1.DST,Varsha Creations
C:\Users\Asus\all pendrive design\dual hybrid\Varsha Creations\1059 design\1059 N-Full-2.DST,C:\Users\Asus\embroidery-finder\dst_images\Varsha Creations_1059 design_1059 N-Full-2.png,1059 design,1059 N-Full-2.DST,Varsha Creations
C:\Users\Asus\all pendrive design\dual hybrid\Varsha Creations\1068 design\1068 Bu-1.DST,C:\Users\Asus\embroidery-finder\dst_images\Varsha Creations_1068 design_1068 Bu-1.png,1068 design,1068 Bu-1.DST,Varsha Creations
C:\Users\Asus\all pendrive design\dual hybrid\Varsha Creations\1068 design\1068 Bu-2.DST,C:\Users\Asus\embroidery-finder\dst_images\Varsha Creations_1068 design_1068 Bu-2.png,1068 design,1068 Bu-2.DST,Varsha Creations
C:\Users\Asus\all pendrive design\dual hybrid\Varsha Creations\1068 design\1068 Bu-3.DST,C:\Users\Asus\embroidery-finder\dst_images\Varsha Creations_1068 design_1068 Bu-3.png,1068 design,1068 Bu-3.DST,Varsha Creations
C:\Users\Asus\all pendrive design\dual hybrid\Varsha Creations\1068 design\1068 Fr.DST,C:\Users\Asus\embroidery-finder\dst_images\Varsha Creations_1068 design_1068 Fr.png,1068 design,1068 Fr.DST,Varsha Creations
C:\Users\Asus\all pendrive design\dual hybrid\Varsha Creations\1068 design\1068 H-1.DST,C:\Users\Asus\embroidery-finder\dst_images\Varsha Creations_1068 design_1068 H-1.png,1068 design,1068 H-1.DST,Varsha Creations
C:\Users\Asus\all pendrive design\dual hybrid\Varsha Creations\1068 design\1068 H-2.DST,C:\Users\Asus\embroidery-finder\dst_images\Varsha Creations_1068 design_1068 H-2.png,1068 design,1068 H-2.DST,Varsha Creations
C:\Users\Asus\all pendrive design\dual hybrid\Varsha Creations\1068 design\1068 H-3.DST,C:\Users\Asus\embroidery-finder\dst_images\Varsha Creations_1068 design_1068 H-3.png,1068 design,1068 H-3.DST,Varsha Creations
C:\Users\Asus\all pendrive design\dual hybrid\Varsha Creations\1068 design\1068 N-Full.DST,C:\Users\Asus\embroidery-finder\dst_images\Varsha Creations_1068 design_1068 N-Full.png,1068 design,1068 N-Full.DST,Varsha Creations
C:\Users\Asus\all pendrive design\dual hybrid\Varsha Creations\1202 design\1202 Bu-1.DST,C:\Users\Asus\embroidery-finder\dst_images\Varsha Creations_1202 design_1202 Bu-1.png,1202 design,1202 Bu-1.DST,Varsha Creations
C:\Users\Asus\all pendrive design\dual hybrid\Varsha Creations\1202 design\1202 Bu-2.DST,C:\Users\Asus\embroidery-finder\dst_images\Varsha Creations_1202 design_1202 Bu-2.png,1202 design,1202 Bu-2.DST,Varsha Creations
C:\Users\Asus\all pendrive design\dual hybrid\Varsha Creations\1202 design\1202 Bu-3.DST,C:\Users\Asus\embroidery-finder\dst_images\Varsha Creations_1202 design_1202 Bu-3.png,1202 design,1202 Bu-3.DST,Varsha Creations
C:\Users\Asus\all pendrive design\dual hybrid\Varsha Creations\1202 design\1202 Fr.DST,C:\Users\Asus\embroidery-finder\dst_images\Varsha Creations_1202 design_1202 Fr.png,1202 design,1202 Fr.DST,Varsha Creations
C:\Users\Asus\all pendrive design\dual hybrid\Varsha Creations\1202 design\1202 H-1.DST,C:\Users\Asus\embroidery-finder\dst_images\Varsha Creations_1202 design_1202 H-1.png,1202 design,1202 H-1.DST,Varsha Creations
C:\Users\Asus\all pendrive design\dual hybrid\Varsha Creations\1202 design\1202 H-2 Bot.DST,C:\Users\Asus\embroidery-finder\dst_images\Varsha Creations_1202 design_1202 H-2 Bot.png,1202 design,1202 H-2 Bot.DST,Varsha Creations
C:\Users\Asus\all pendrive design\dual hybrid\Varsha Creations\1202 design\1202 H-2 Top.DST,C:\Users\Asus\embroidery-finder\dst_images\Varsha Creations_1202 design_1202 H-2 Top.png,1202 design,1202 H-2 Top.DST,Varsha Creations
C:\Users\Asus\all pendrive design\dual hybrid\Varsha Creations\1202 design\1202 H-3 Full.DST,C:\Users\Asus\embroidery-finder\dst_images\Varsha Creations_1202 design_1202 H-3 Full.png,1202 design,1202 H-3 Full.DST,Varsha Creations
C:\Users\Asus\all pendrive design\dual hybrid\Varsha Creations\1202 design\1202 H-4.DST,C:\Users\Asus\embroidery-finder\dst_images\Varsha Creations_1202 design_1202 H-4.png,1202 design,1202 H-4.DST,Varsha Creations
C:\Users\Asus\all pendrive design\dual hybrid\Varsha Creations\1202 design\1202 N-Full-1.DST,C:\Users\Asus\embroidery-finder\dst_images\Varsha Creations_1202 design_1202 N-Full-1.png,1202 design,1202 N-Full-1.DST,Varsha Creations
C:\Users\Asus\all pendrive design\dual hybrid\Varsha Creations\1202 design\1202 N-Full-2.DST,C:\Users\Asus\embroidery-finder\dst_images\Varsha Creations_1202 design_1202 N-Full-2.png,1202 design,1202 N-Full-2.DST,Varsha Creations
C:\Users\Asus\all pendrive design\dual hybrid\Varsha Creations\1202 design\butta 2.DST,C:\Users\Asus\embroidery-finder\dst_images\Varsha Creations_1202 design_butta 2.png,1202 design,butta 2.DST,Varsha Creations
C:\Users\Asus\all pendrive design\dual hybrid\Varsha Creations\1202 design\butta.DST,C:\Users\Asus\embroidery-finder\dst_images\Varsha Creations_1202 design_butta.png,1202 design,butta.DST,Varsha Creations
C:\Users\Asus\all pendrive design\dual hybrid\Varsha Creations\1338 design\1338 Bu-1.DST,C:\Users\Asus\embroidery-finder\dst_images\Varsha Creations_1338 design_1338 Bu-1.png,1338 design,1338 Bu-1.DST,Varsha Creations
C:\Users\Asus\all pendrive design\dual hybrid\Varsha Creations\1338 design\1338 Fr-1.DST,C:\Users\Asus\embroidery-finder\dst_images\Varsha Creations_1338 design_1338 Fr-1.png,1338 design,1338 Fr-1.DST,Varsha Creations
C:\Users\Asus\all pendrive design\dual hybrid\Varsha Creations\1338 design\1338 Fr-2.DST,C:\Users\Asus\embroidery-finder\dst_images\Varsha Creations_1338 design_1338 Fr-2.png,1338 design,1338 Fr-2.DST,Varsha Creations
C:\Users\Asus\all pendrive design\dual hybrid\Varsha Creations\1338 design\1338 H-1.DST,C:\Users\Asus\embroidery-finder\dst_images\Varsha Creations_1338 design_1338 H-1.png,1338 design,1338 H-1.DST,Varsha Creations
C:\Users\Asus\all pendrive design\dual hybrid\Varsha Creations\1338 design\1338 H-2.DST,C:\Users\Asus\embroidery-finder\dst_images\Varsha Creations_1338 design_1338 H-2.png,1338 design,1338 H-2.DST,Varsha Creations
C:\Users\Asus\all pendrive design\dual hybrid\Varsha Creations\1338 design\1338 H-3Full.DST,C:\Users\Asus\embroidery-finder\dst_images\Varsha Creations_1338 design_1338 H-3Full.png,1338 design,1338 H-3Full.DST,Varsha Creations
C:\Users\Asus\all pendrive design\dual hybrid\Varsha Creations\1338 design\1338 N-Full.DST,C:\Users\Asus\embroidery-finder\dst_images\Varsha Creations_1338 design_1338 N-Full.png,1338 design,1338 N-Full.DST,Varsha Creations
C:\Users\Asus\all pendrive design\dual hybrid\Varsha Creations\1964 design\1964 Butti-1.DST,C:\Users\Asus\embroidery-finder\dst_images\Varsha Creations_1964 design_1964 Butti-1.png,1964 design,1964 Butti-1.DST,Varsha Creations
C:\Users\Asus\all pendrive design\dual hybrid\Varsha Creations\1964 design\1964 H-1.DST,C:\Users\Asus\embroidery-finder\dst_images\Varsha Creations_1964 design_1964 H-1.png,1964 design,1964 H-1.DST,Varsha Creations
C:\Users\Asus\all pendrive design\dual hybrid\Varsha Creations\1964 design\1964 N-Full set.DST,C:\Users\Asus\embroidery-finder\dst_images\Varsha Creations_1964 design_1964 N-Full set.png,1964 design,1964 N-Full set.DST,Varsha Creations
C:\Users\Asus\all pendrive design\dual hybrid\Varsha Creations\1964 design\1964 Neck- R.DST,C:\Users\Asus\embroidery-finder\dst_images\Varsha Creations_1964 design_1964 Neck- R.png,1964 design,1964 Neck- R.DST,Varsha Creations
C:\Users\Asus\all pendrive design\dual hybrid\Varsha Creations\1964 design\1964 Neck-L.DST,C:\Users\Asus\embroidery-finder\dst_images\Varsha Creations_1964 design_1964 Neck-L.png,1964 design,1964 Neck-L.DST,Varsha Creations
C:\Users\Asus\all pendrive design\dual hybrid\Varsha Creations\1964 design\1964Butti-2.DST,C:\Users\Asus\embroidery-finder\dst_images\Varsha Creations_1964 design_1964Butti-2.png,1964 design,1964Butti-2.DST,Varsha Creations
C:\Users\Asus\all pendrive design\dual hybrid\Varsha Creations\2094\2094 Bu-1.DST,C:\Users\Asus\embroidery-finder\dst_images\Varsha Creations_2094_2094 Bu-1.png,2094,2094 Bu-1.DST,Varsha Creations
C:\Users\Asus\all pendrive design\dual hybrid\Varsha Creations\2094\2094 Bu-2.DST,C:\Users\Asus\embroidery-finder\dst_images\Varsha Creations_2094_2094 Bu-2.png,2094,2094 Bu-2.DST,Varsha Creations
C:\Users\Asus\all pendrive design\dual hybrid\Varsha Creations\2094\2094 Bu-3.DST,C:\Users\Asus\embroidery-finder\dst_images\Varsha Creations_2094_2094 Bu-3.png,2094,2094 Bu-3.DST,Varsha Creations
C:\Users\Asus\all pendrive design\dual hybrid\Varsha Creations\2094\2094 Fr.DST,C:\Users\Asus\embroidery-finder\dst_images\Varsha Creations_2094_2094 Fr.png,2094,2094 Fr.DST,Varsha Creations
C:\Users\Asus\all pendrive design\dual hybrid\Varsha Creations\2094\2094 H-1.DST,C:\Users\Asus\embroidery-finder\dst_images\Varsha Creations_2094_2094 H-1.png,2094,2094 H-1.DST,Varsha Creations
C:\Users\Asus\all pendrive design\dual hybrid\Varsha Creations\2094\2094 H-2 Full.DST,C:\Users\Asus\embroidery-finder\dst_images\Varsha Creations_2094_2094 H-2 Full.png,2094,2094 H-2 Full.DST,Varsha Creations
C:\Users\Asus\all pendrive design\dual hybrid\Varsha Creations\2094\2094 H-3.DST,C:\Users\Asus\embroidery-finder\dst_images\Varsha Creations_2094_2094 H-3.png,2094,2094 H-3.DST,Varsha Creations
C:\Users\Asus\all pendrive design\dual hybrid\Varsha Creations\2094\2094 N-Full.DST,C:\Users\Asus\embroidery-finder\dst_images\Varsha Creations_2094_2094 N-Full.png,2094,2094 N-Full.DST,Varsha Creations
C:\Users\Asus\all pendrive design\dual hybrid\Varsha Creations\2134 designs\2134 -Fr.DST,C:\Users\Asus\embroidery-finder\dst_images\Varsha Creations_2134 designs_2134 -Fr.png,2134 designs,2134 -Fr.DST,Varsha Creations
C:\Users\Asus\all pendrive design\dual hybrid\Varsha Creations\2134 designs\2589 Bu-1.DST,C:\Users\Asus\embroidery-finder\dst_images\Varsha Creations_2134 designs_2589 Bu-1.png,2134 designs,2589 Bu-1.DST,Varsha Creations
C:\Users\Asus\all pendrive design\dual hybrid\Varsha Creations\2134 designs\2589 Bu-2.DST,C:\Users\Asus\embroidery-finder\dst_images\Varsha Creations_2134 designs_2589 Bu-2.png,2134 designs,2589 Bu-2.DST,Varsha Creations
C:\Users\Asus\all pendrive design\dual hybrid\Varsha Creations\2134 designs\2589 Fr.DST,C:\Users\Asus\embroidery-finder\dst_images\Varsha Creations_2134 designs_2589 Fr.png,2134 designs,2589 Fr.DST,Varsha Creations
C:\Users\Asus\all pendrive design\dual hybrid\Varsha Creations\2134 designs\2589 H-2.DST,C:\Users\Asus\embroidery-finder\dst_images\Varsha Creations_2134 designs_2589 H-2.png,2134 designs,2589 H-2.DST,Varsha Creations
C:\Users\Asus\all pendrive design\dual hybrid\Varsha Creations\2134 designs\2589 H-3Full.DST,C:\Users\Asus\embroidery-finder\dst_images\Varsha Creations_2134 designs_2589 H-3Full.png,2134 designs,2589 H-3Full.DST,Varsha Creations
C:\Users\Asus\all pendrive design\dual hybrid\Varsha Creations\2134 designs\2589 N-Boat.DST,C:\Users\Asus\embroidery-finder\dst_images\Varsha Creations_2134 designs_2589 N-Boat.png,2134 designs,2589 N-Boat.DST,Varsha Creations
C:\Users\Asus\all pendrive design\dual hybrid\Varsha Creations\2134 designs\2589 N-C.DST,C:\Users\Asus\embroidery-finder\dst_images\Varsha Creations_2134 designs_2589 N-C.png,2134 designs,2589 N-C.DST,Varsha Creations
C:\Users\Asus\all pendrive design\dual hybrid\Varsha Creations\2134 designs\2589 N-Full.DST,C:\Users\Asus\embroidery-finder\dst_images\Varsha Creations_2134 designs_2589 N-Full.png,2134 designs,2589 N-Full.DST,Varsha Creations
C:\Users\Asus\all pendrive design\dual hybrid\Varsha Creations\2337 design\2337 Bu-1.DST,C:\Users\Asus\embroidery-finder\dst_images\Varsha Creations_2337 design_2337 Bu-1.png,2337 design,2337 Bu-1.DST,Varsha Creations
C:\Users\Asus\all pendrive design\dual hybrid\Varsha Creations\2337 design\2337 H-1.DST,C:\Users\Asus\embroidery-finder\dst_images\Varsha Creations_2337 design_2337 H-1.png,2337 design,2337 H-1.DST,Varsha Creations
C:\Users\Asus\all pendrive design\dual hybrid\Varsha Creations\2337 design\2337 H-2.DST,C:\Users\Asus\embroidery-finder\dst_images\Varsha Creations_2337 design_2337 H-2.png,2337 design,2337 H-2.DST,Varsha Creations
C:\Users\Asus\all pendrive design\dual hybrid\Varsha Creations\2337 design\2337 H-3.DST,C:\Users\Asus\embroidery-finder\dst_images\Varsha Creations_2337 design_2337 H-3.png,2337 design,2337 H-3.DST,Varsha Creations
C:\Users\Asus\all pendrive design\dual hybrid\Varsha Creations\2337 design\2337 H-4.DST,C:\Users\Asus\embroidery-finder\dst_images\Varsha Creations_2337 design_2337 H-4.png,2337 design,2337 H-4.DST,Varsha Creations
C:\Users\Asus\all pendrive design\dual hybrid\Varsha Creations\2337 design\2337 N-Boat.DST,C:\Users\Asus\embroidery-finder\dst_images\Varsha Creations_2337 design_2337 N-Boat.png,2337 design,2337 N-Boat.DST,Varsha Creations
C:\Users\Asus\all pendrive design\dual hybrid\Varsha Creations\2337 design\2337 N-C.DST,C:\Users\Asus\embroidery-finder\dst_images\Varsha Creations_2337 design_2337 N-C.png,2337 design,2337 N-C.DST,Varsha Creations
C:\Users\Asus\all pendrive design\dual hybrid\Varsha Creations\2337 design\2337 N-Full.DST,C:\Users\Asus\embroidery-finder\dst_images\Varsha Creations_2337 design_2337 N-Full.png,2337 design,2337 N-Full.DST,Varsha Creations
C:\Users\Asus\all pendrive design\dual hybrid\Varsha Creations\2539\2539 Bu-1.DST,C:\Users\Asus\embroidery-finder\dst_images\Varsha Creations_2539_2539 Bu-1.png,2539,2539 Bu-1.DST,Varsha Creations
C:\Users\Asus\all pendrive design\dual hybrid\Varsha Creations\2539\2539 Bu-2.DST,C:\Users\Asus\embroidery-finder\dst_images\Varsha Creations_2539_2539 Bu-2.png,2539,2539 Bu-2.DST,Varsha Creations
C:\Users\Asus\all pendrive design\dual hybrid\Varsha Creations\2539\2539 Fr.DST,C:\Users\Asus\embroidery-finder\dst_images\Varsha Creations_2539_2539 Fr.png,2539,2539 Fr.DST,Varsha Creations
C:\Users\Asus\all pendrive design\dual hybrid\Varsha Creations\2539\2539 full alter.DST,C:\Users\Asus\embroidery-finder\dst_images\Varsha Creations_2539_2539 full alter.png,2539,2539 full alter.DST,Varsha Creations
C:\Users\Asus\all pendrive design\dual hybrid\Varsha Creations\2539\2539 H-1.DST,C:\Users\Asus\embroidery-finder\dst_images\Varsha Creations_2539_2539 H-1.png,2539,2539 H-1.DST,Varsha Creations
C:\Users\Asus\all pendrive design\dual hybrid\Varsha Creations\2539\2539 H-2Full.DST,C:\Users\Asus\embroidery-finder\dst_images\Varsha Creations_2539_2539 H-2Full.png,2539,2539 H-2Full.DST,Varsha Creations
C:\Users\Asus\all pendrive design\dual hybrid\Varsha Creations\2539\2539 H-3-Bot.DST,C:\Users\Asus\embroidery-finder\dst_images\Varsha Creations_2539_2539 H-3-Bot.png,2539,2539 H-3-Bot.DST,Varsha Creations
C:\Users\Asus\all pendrive design\dual hybrid\Varsha Creations\2539\2539 H-3-Top.DST,C:\Users\Asus\embroidery-finder\dst_images\Varsha Creations_2539_2539 H-3-Top.png,2539,2539 H-3-Top.DST,Varsha Creations
C:\Users\Asus\all pendrive design\dual hybrid\Varsha Creations\2539\2539 H-3Full.DST,C:\Users\Asus\embroidery-finder\dst_images\Varsha Creations_2539_2539 H-3Full.png,2539,2539 H-3Full.DST,Varsha Creations
C:\Users\Asus\all pendrive design\dual hybrid\Varsha Creations\2539\2539 N-Full.DST,C:\Users\Asus\embroidery-finder\dst_images\Varsha Creations_2539_2539 N-Full.png,2539,2539 N-Full.DST,Varsha Creations
C:\Users\Asus\all pendrive design\dual hybrid\Varsha Creations\2623\2623 Bu-1.DST,C:\Users\Asus\embroidery-finder\dst_images\Varsha Creations_2623_2623 Bu-1.png,2623,2623 Bu-1.DST,Varsha Creations
C:\Users\Asus\all pendrive design\dual hybrid\Varsha Creations\2623\2623 Bu-2.DST,C:\Users\Asus\embroidery-finder\dst_images\Varsha Creations_2623_2623 Bu-2.png,2623,2623 Bu-2.DST,Varsha Creations
C:\Users\Asus\all pendrive design\dual hybrid\Varsha Creations\2623\2623 Bu-3.DST,C:\Users\Asus\embroidery-finder\dst_images\Varsha Creations_2623_2623 Bu-3.png,2623,2623 Bu-3.DST,Varsha Creations
C:\Users\Asus\all pendrive design\dual hybrid\Varsha Creations\2623\2623 Fr.DST,C:\Users\Asus\embroidery-finder\dst_images\Varsha Creations_2623_2623 Fr.png,2623,2623 Fr.DST,Varsha Creations
C:\Users\Asus\all pendrive design\dual hybrid\Varsha Creations\2623\2623 H-1.DST,C:\Users\Asus\embroidery-finder\dst_images\Varsha Creations_2623_2623 H-1.png,2623,2623 H-1.DST,Varsha Creations
C:\Users\Asus\all pendrive design\dual hybrid\Varsha Creations\2623\2623 H-2.DST,C:\Users\Asus\embroidery-finder\dst_images\Varsha Creations_2623_2623 H-2.png,2623,2623 H-2.DST,Varsha Creations
C:\Users\Asus\all pendrive design\dual hybrid\Varsha Creations\2623\2623 H-3 Full.DST,C:\Users\Asus\embroidery-finder\dst_images\Varsha Creations_2623_2623 H-3 Full.png,2623,2623 H-3 Full.DST,Varsha Creations
C:\Users\Asus\all pendrive design\dual hybrid\Varsha Creations\2623\2623 N full alter.DST,C:\Users\Asus\embroidery-finder\dst_images\Varsha Creations_2623_2623 N full alter.png,2623,2623 N full alter.DST,Varsha Creations
C:\Users\Asus\all pendrive design\dual hybrid\Varsha Creations\2623\2623 N-Boat.DST,C:\Users\Asus\embroidery-finder\dst_images\Varsha Creations_2623_2623 N-Boat.png,2623,2623 N-Boat.DST,Varsha Creations
C:\Users\Asus\all pendrive design\dual hybrid\Varsha Creations\2623\2623 N-Full.DST,C:\Users\Asus\embroidery-finder\dst_images\Varsha Creations_2623_2623 N-Full.png,2623,2623 N-Full.DST,Varsha Creations
C:\Users\Asus\all pendrive design\dual hybrid\Varsha Creations\2660 design\2660 Bu-1.DST,C:\Users\Asus\embroidery-finder\dst_images\Varsha Creations_2660 design_2660 Bu-1.png,2660 design,2660 Bu-1.DST,Varsha Creations
C:\Users\Asus\all pendrive design\dual hybrid\Varsha Creations\2660 design\2660 Bu-2.DST,C:\Users\Asus\embroidery-finder\dst_images\Varsha Creations_2660 design_2660 Bu-2.png,2660 design,2660 Bu-2.DST,Varsha Creations
C:\Users\Asus\all pendrive design\dual hybrid\Varsha Creations\2660 design\2660 Fr.DST,C:\Users\Asus\embroidery-finder\dst_images\Varsha Creations_2660 design_2660 Fr.png,2660 design,2660 Fr.DST,Varsha Creations
C:\Users\Asus\all pendrive design\dual hybrid\Varsha Creations\2660 design\2660 H-1.DST,C:\Users\Asus\embroidery-finder\dst_images\Varsha Creations_2660 design_2660 H-1.png,2660 design,2660 H-1.DST,Varsha Creations
C:\Users\Asus\all pendrive design\dual hybrid\Varsha Creations\2660 design\2660 H-2-Bot.DST,C:\Users\Asus\embroidery-finder\dst_images\Varsha Creations_2660 design_2660 H-2-Bot.png,2660 design,2660 H-2-Bot.DST,Varsha Creations
C:\Users\Asus\all pendrive design\dual hybrid\Varsha Creations\2660 design\2660 H-2-Top.DST,C:\Users\Asus\embroidery-finder\dst_images\Varsha Creations_2660 design_2660 H-2-Top.png,2660 design,2660 H-2-Top.DST,Varsha Creations
C:\Users\Asus\all pendrive design\dual hybrid\Varsha Creations\2660 design\2660 H-3Full.DST,C:\Users\Asus\embroidery-finder\dst_images\Varsha Creations_2660 design_2660 H-3Full.png,2660 design,2660 H-3Full.DST,Varsha Creations
C:\Users\Asus\all pendrive design\dual hybrid\Varsha Creations\2660 design\2660 N-Full.DST,C:\Users\Asus\embroidery-finder\dst_images\Varsha Creations_2660 design_2660 N-Full.png,2660 design,2660 N-Full.DST,Varsha Creations
C:\Users\Asus\all pendrive design\dual hybrid\Varsha Creations\2660 design\5-6-11.DST,C:\Users\Asus\embroidery-finder\dst_images\Varsha Creations_2660 design_5-6-11.png,2660 design,5-6-11.DST,Varsha Creations
C:\Users\Asus\all pendrive design\dual hybrid\Varsha Creations\2742\2742 Bu-1.DST,C:\Users\Asus\embroidery-finder\dst_images\Varsha Creations_2742_2742 Bu-1.png,2742,2742 Bu-1.DST,Varsha Creations
C:\Users\Asus\all pendrive design\dual hybrid\Varsha Creations\2742\2742 Bu-2.DST,C:\Users\Asus\embroidery-finder\dst_images\Varsha Creations_2742_2742 Bu-2.png,2742,2742 Bu-2.DST,Varsha Creations
C:\Users\Asus\all pendrive design\dual hybrid\Varsha Creations\2742\2742 Bu-3.DST,C:\Users\Asus\embroidery-finder\dst_images\Varsha Creations_2742_2742 Bu-3.png,2742,2742 Bu-3.DST,Varsha Creations
C:\Users\Asus\all pendrive design\dual hybrid\Varsha Creations\2742\2742 Fr.DST,C:\Users\Asus\embroidery-finder\dst_images\Varsha Creations_2742_2742 Fr.png,2742,2742 Fr.DST,Varsha Creations
C:\Users\Asus\all pendrive design\dual hybrid\Varsha Creations\2742\2742 H-1.DST,C:\Users\Asus\embroidery-finder\dst_images\Varsha Creations_2742_2742 H-1.png,2742,2742 H-1.DST,Varsha Creations
C:\Users\Asus\all pendrive design\dual hybrid\Varsha Creations\2742\2742 H-2.DST,C:\Users\Asus\embroidery-finder\dst_images\Varsha Creations_2742_2742 H-2.png,2742,2742 H-2.DST,Varsha Creations
C:\Users\Asus\all pendrive design\dual hybrid\Varsha Creations\2742\2742 H-3.DST,C:\Users\Asus\embroidery-finder\dst_images\Varsha Creations_2742_2742 H-3.png,2742,2742 H-3.DST,Varsha Creations
C:\Users\Asus\all pendrive design\dual hybrid\Varsha Creations\2742\2742 H-4Full.DST,C:\Users\Asus\embroidery-finder\dst_images\Varsha Creations_2742_2742 H-4Full.png,2742,2742 H-4Full.DST,Varsha Creations
C:\Users\Asus\all pendrive design\dual hybrid\Varsha Creations\2742\2742 H-5-Bot.DST,C:\Users\Asus\embroidery-finder\dst_images\Varsha Creations_2742_2742 H-5-Bot.png,2742,2742 H-5-Bot.DST,Varsha Creations
C:\Users\Asus\all pendrive design\dual hybrid\Varsha Creations\2742\2742 H-5-Top.DST,C:\Users\Asus\embroidery-finder\dst_images\Varsha Creations_2742_2742 H-5-Top.png,2742,2742 H-5-Top.DST,Varsha Creations
C:\Users\Asus\all pendrive design\dual hybrid\Varsha Creations\2742\2742 H-5Full.DST,C:\Users\Asus\embroidery-finder\dst_images\Varsha Creations_2742_2742 H-5Full.png,2742,2742 H-5Full.DST,Varsha Creations
C:\Users\Asus\all pendrive design\dual hybrid\Varsha Creations\2742\2742 N-Full.DST,C:\Users\Asus\embroidery-finder\dst_images\Varsha Creations_2742_2742 N-Full.png,2742,2742 N-Full.DST,Varsha Creations
C:\Users\Asus\all pendrive design\dual hybrid\Varsha Creations\2783 design\2783 Bu-1.DST,C:\Users\Asus\embroidery-finder\dst_images\Varsha Creations_2783 design_2783 Bu-1.png,2783 design,2783 Bu-1.DST,Varsha Creations
C:\Users\Asus\all pendrive design\dual hybrid\Varsha Creations\2783 design\2783 Hand.DST,C:\Users\Asus\embroidery-finder\dst_images\Varsha Creations_2783 design_2783 Hand.png,2783 design,2783 Hand.DST,Varsha Creations
C:\Users\Asus\all pendrive design\dual hybrid\Varsha Creations\2783 design\2783 N-Boat.DST,C:\Users\Asus\embroidery-finder\dst_images\Varsha Creations_2783 design_2783 N-Boat.png,2783 design,2783 N-Boat.DST,Varsha Creations
C:\Users\Asus\all pendrive design\dual hybrid\Varsha Creations\2783 design\2783 N-C.DST,C:\Users\Asus\embroidery-finder\dst_images\Varsha Creations_2783 design_2783 N-C.png,2783 design,2783 N-C.DST,Varsha Creations
C:\Users\Asus\all pendrive design\dual hybrid\Varsha Creations\2932 design\2932 Bu-1.DST,C:\Users\Asus\embroidery-finder\dst_images\Varsha Creations_2932 design_2932 Bu-1.png,2932 design,2932 Bu-1.DST,Varsha Creations
C:\Users\Asus\all pendrive design\dual hybrid\Varsha Creations\2932 design\2932 Bu-2.DST,C:\Users\Asus\embroidery-finder\dst_images\Varsha Creations_2932 design_2932 Bu-2.png,2932 design,2932 Bu-2.DST,Varsha Creations
C:\Users\Asus\all pendrive design\dual hybrid\Varsha Creations\2932 design\2932 Bu-3.DST,C:\Users\Asus\embroidery-finder\dst_images\Varsha Creations_2932 design_2932 Bu-3.png,2932 design,2932 Bu-3.DST,Varsha Creations
C:\Users\Asus\all pendrive design\dual hybrid\Varsha Creations\2932 design\2932 Bu-4.DST,C:\Users\Asus\embroidery-finder\dst_images\Varsha Creations_2932 design_2932 Bu-4.png,2932 design,2932 Bu-4.DST,Varsha Creations
C:\Users\Asus\all pendrive design\dual hybrid\Varsha Creations\2932 design\2932 Bu-5.DST,C:\Users\Asus\embroidery-finder\dst_images\Varsha Creations_2932 design_2932 Bu-5.png,2932 design,2932 Bu-5.DST,Varsha Creations
C:\Users\Asus\all pendrive design\dual hybrid\Varsha Creations\2932 design\2932 Fr-Boat.DST,C:\Users\Asus\embroidery-finder\dst_images\Varsha Creations_2932 design_2932 Fr-Boat.png,2932 design,2932 Fr-Boat.DST,Varsha Creations
C:\Users\Asus\all pendrive design\dual hybrid\Varsha Creations\2932 design\2932 Fr.DST,C:\Users\Asus\embroidery-finder\dst_images\Varsha Creations_2932 design_2932 Fr.png,2932 design,2932 Fr.DST,Varsha Creations
C:\Users\Asus\all pendrive design\dual hybrid\Varsha Creations\2932 design\2932 H-1.DST,C:\Users\Asus\embroidery-finder\dst_images\Varsha Creations_2932 design_2932 H-1.png,2932 design,2932 H-1.DST,Varsha Creations
C:\Users\Asus\all pendrive design\dual hybrid\Varsha Creations\2932 design\2932 H-2.DST,C:\Users\Asus\embroidery-finder\dst_images\Varsha Creations_2932 design_2932 H-2.png,2932 design,2932 H-2.DST,Varsha Creations
C:\Users\Asus\all pendrive design\dual hybrid\Varsha Creations\2932 design\2932 N-Full.DST,C:\Users\Asus\embroidery-finder\dst_images\Varsha Creations_2932 design_2932 N-Full.png,2932 design,2932 N-Full.DST,Varsha Creations
C:\Users\Asus\all pendrive design\dual hybrid\Varsha Creations\3086\3086 Bu-1.DST,C:\Users\Asus\embroidery-finder\dst_images\Varsha Creations_3086_3086 Bu-1.png,3086,3086 Bu-1.DST,Varsha Creations
C:\Users\Asus\all pendrive design\dual hybrid\Varsha Creations\3086\3086 Bu-2.DST,C:\Users\Asus\embroidery-finder\dst_images\Varsha Creations_3086_3086 Bu-2.png,3086,3086 Bu-2.DST,Varsha Creations
C:\Users\Asus\all pendrive design\dual hybrid\Varsha Creations\3086\3086 Fr.DST,C:\Users\Asus\embroidery-finder\dst_images\Varsha Creations_3086_3086 Fr.png,3086,3086 Fr.DST,Varsha Creations
C:\Users\Asus\all pendrive design\dual hybrid\Varsha Creations\3086\3086 H-1.DST,C:\Users\Asus\embroidery-finder\dst_images\Varsha Creations_3086_3086 H-1.png,3086,3086 H-1.DST,Varsha Creations
C:\Users\Asus\all pendrive design\dual hybrid\Varsha Creations\3086\3086 H-2-Bot.DST,C:\Users\Asus\embroidery-finder\dst_images\Varsha Creations_3086_3086 H-2-Bot.png,3086,3086 H-2-Bot.DST,Varsha Creations
C:\Users\Asus\all pendrive design\dual hybrid\Varsha Creations\3086\3086 H-2-Top.DST,C:\Users\Asus\embroidery-finder\dst_images\Varsha Creations_3086_3086 H-2-Top.png,3086,3086 H-2-Top.DST,Varsha Creations
C:\Users\Asus\all pendrive design\dual hybrid\Varsha Creations\3086\3086 H-3Full.dst,C:\Users\Asus\embroidery-finder\dst_images\Varsha Creations_3086_3086 H-3Full.png,3086,3086 H-3Full.dst,Varsha Creations
C:\Users\Asus\all pendrive design\dual hybrid\Varsha Creations\3086\3086 N-Full-Bu.DST,C:\Users\Asus\embroidery-finder\dst_images\Varsha Creations_3086_3086 N-Full-Bu.png,3086,3086 N-Full-Bu.DST,Varsha Creations
C:\Users\Asus\all pendrive design\dual hybrid\Varsha Creations\3086\3086 N-Full.dst,C:\Users\Asus\embroidery-finder\dst_images\Varsha Creations_3086_3086 N-Full.png,3086,3086 N-Full.dst,Varsha Creations
C:\Users\Asus\all pendrive design\dual hybrid\Varsha Creations\3122 design\3122 Bu-1.DST,C:\Users\Asus\embroidery-finder\dst_images\Varsha Creations_3122 design_3122 Bu-1.png,3122 design,3122 Bu-1.DST,Varsha Creations
C:\Users\Asus\all pendrive design\dual hybrid\Varsha Creations\3122 design\3122 Bu-2.DST,C:\Users\Asus\embroidery-finder\dst_images\Varsha Creations_3122 design_3122 Bu-2.png,3122 design,3122 Bu-2.DST,Varsha Creations
C:\Users\Asus\all pendrive design\dual hybrid\Varsha Creations\3122 design\3122 Fr.DST,C:\Users\Asus\embroidery-finder\dst_images\Varsha Creations_3122 design_3122 Fr.png,3122 design,3122 Fr.DST,Varsha Creations
C:\Users\Asus\all pendrive design\dual hybrid\Varsha Creations\3122 design\3122 H-1.DST,C:\Users\Asus\embroidery-finder\dst_images\Varsha Creations_3122 design_3122 H-1.png,3122 design,3122 H-1.DST,Varsha Creations
C:\Users\Asus\all pendrive design\dual hybrid\Varsha Creations\3122 design\3122 H-2.DST,C:\Users\Asus\embroidery-finder\dst_images\Varsha Creations_3122 design_3122 H-2.png,3122 design,3122 H-2.DST,Varsha Creations
C:\Users\Asus\all pendrive design\dual hybrid\Varsha Creations\3122 design\3122 H-3Full.DST,C:\Users\Asus\embroidery-finder\dst_images\Varsha Creations_3122 design_3122 H-3Full.png,3122 design,3122 H-3Full.DST,Varsha Creations
C:\Users\Asus\all pendrive design\dual hybrid\Varsha Creations\3122 design\3122 H-4Full.DST,C:\Users\Asus\embroidery-finder\dst_images\Varsha Creations_3122 design_3122 H-4Full.png,3122 design,3122 H-4Full.DST,Varsha Creations
C:\Users\Asus\all pendrive design\dual hybrid\Varsha Creations\3122 design\3122 H-5Full.DST,C:\Users\Asus\embroidery-finder\dst_images\Varsha Creations_3122 design_3122 H-5Full.png,3122 design,3122 H-5Full.DST,Varsha Creations
C:\Users\Asus\all pendrive design\dual hybrid\Varsha Creations\3122 design\3122 N-Full.DST,C:\Users\Asus\embroidery-finder\dst_images\Varsha Creations_3122 design_3122 N-Full.png,3122 design,3122 N-Full.DST,Varsha Creations
C:\Users\Asus\all pendrive design\dual hybrid\Varsha Creations\3533 design\3533 Bu-1.DST,C:\Users\Asus\embroidery-finder\dst_images\Varsha Creations_3533 design_3533 Bu-1.png,3533 design,3533 Bu-1.DST,Varsha Creations
C:\Users\Asus\all pendrive design\dual hybrid\Varsha Creations\3533 design\3533 Bu-2.DST,C:\Users\Asus\embroidery-finder\dst_images\Varsha Creations_3533 design_3533 Bu-2.png,3533 design,3533 Bu-2.DST,Varsha Creations
C:\Users\Asus\all pendrive design\dual hybrid\Varsha Creations\3533 design\3533 Bu-3.DST,C:\Users\Asus\embroidery-finder\dst_images\Varsha Creations_3533 design_3533 Bu-3.png,3533 design,3533 Bu-3.DST,Varsha Creations
C:\Users\Asus\all pendrive design\dual hybrid\Varsha Creations\3533 design\3533 Fr-2.DST,C:\Users\Asus\embroidery-finder\dst_images\Varsha Creations_3533 design_3533 Fr-2.png,3533 design,3533 Fr-2.DST,Varsha Creations
C:\Users\Asus\all pendrive design\dual hybrid\Varsha Creations\3533 design\3533 Fr.DST,C:\Users\Asus\embroidery-finder\dst_images\Varsha Creations_3533 design_3533 Fr.png,3533 design,3533 Fr.DST,Varsha Creations
C:\Users\Asus\all pendrive design\dual hybrid\Varsha Creations\3533 design\3533 H-1.DST,C:\Users\Asus\embroidery-finder\dst_images\Varsha Creations_3533 design_3533 H-1.png,3533 design,3533 H-1.DST,Varsha Creations
C:\Users\Asus\all pendrive design\dual hybrid\Varsha Creations\3533 design\3533 H-2-Bot.DST,C:\Users\Asus\embroidery-finder\dst_images\Varsha Creations_3533 design_3533 H-2-Bot.png,3533 design,3533 H-2-Bot.DST,Varsha Creations
C:\Users\Asus\all pendrive design\dual hybrid\Varsha Creations\3533 design\3533 H-2-Top.DST,C:\Users\Asus\embroidery-finder\dst_images\Varsha Creations_3533 design_3533 H-2-Top.png,3533 design,3533 H-2-Top.DST,Varsha Creations
C:\Users\Asus\all pendrive design\dual hybrid\Varsha Creations\3533 design\3533 H-3Full 10X12.DST,C:\Users\Asus\embroidery-finder\dst_images\Varsha Creations_3533 design_3533 H-3Full 10X12.png,3533 design,3533 H-3Full 10X12.DST,Varsha Creations
C:\Users\Asus\all pendrive design\dual hybrid\Varsha Creations\3533 design\3533 H-3Full.DST,C:\Users\Asus\embroidery-finder\dst_images\Varsha Creations_3533 design_3533 H-3Full.png,3533 design,3533 H-3Full.DST,Varsha Creations
C:\Users\Asus\all pendrive design\dual hybrid\Varsha Creations\3533 design\3533 N-Full 12inch Curved.DST,C:\Users\Asus\embroidery-finder\dst_images\Varsha Creations_3533 design_3533 N-Full 12inch Curved.png,3533 design,3533 N-Full 12inch Curved.DST,Varsha Creations
C:\Users\Asus\all pendrive design\dual hybrid\Varsha Creations\3533 design\3533 N-Full Curved.DST,C:\Users\Asus\embroidery-finder\dst_images\Varsha Creations_3533 design_3533 N-Full Curved.png,3533 design,3533 N-Full Curved.DST,Varsha Creations
C:\Users\Asus\all pendrive design\dual hybrid\Varsha Creations\3533 design\3533 N-Full.DST,C:\Users\Asus\embroidery-finder\dst_images\Varsha Creations_3533 design_3533 N-Full.png,3533 design,3533 N-Full.DST,Varsha Creations
C:\Users\Asus\all pendrive design\dual hybrid\Varsha Creations\3533 design\9.5 selvee.DST,C:\Users\Asus\embroidery-finder\dst_images\Varsha Creations_3533 design_9.5 selvee.png,3533 design,9.5 selvee.DST,Varsha Creations
C:\Users\Asus\all pendrive design\dual hybrid\Varsha Creations\3533 design\patti.DST,C:\Users\Asus\embroidery-finder\dst_images\Varsha Creations_3533 design_patti.png,3533 design,patti.DST,Varsha Creations
C:\Users\Asus\all pendrive design\dual hybrid\Varsha Creations\3533 design\strip butta.DST,C:\Users\Asus\embroidery-finder\dst_images\Varsha Creations_3533 design_strip butta.png,3533 design,strip butta.DST,Varsha Creations
C:\Users\Asus\all pendrive design\dual hybrid\Varsha Creations\3614 design\3614 Bu-1.DST,C:\Users\Asus\embroidery-finder\dst_images\Varsha Creations_3614 design_3614 Bu-1.png,3614 design,3614 Bu-1.DST,Varsha Creations
C:\Users\Asus\all pendrive design\dual hybrid\Varsha Creations\3614 design\3614 Bu-2.DST,C:\Users\Asus\embroidery-finder\dst_images\Varsha Creations_3614 design_3614 Bu-2.png,3614 design,3614 Bu-2.DST,Varsha Creations
C:\Users\Asus\all pendrive design\dual hybrid\Varsha Creations\3614 design\3614 Fr.DST,C:\Users\Asus\embroidery-finder\dst_images\Varsha Creations_3614 design_3614 Fr.png,3614 design,3614 Fr.DST,Varsha Creations
C:\Users\Asus\all pendrive design\dual hybrid\Varsha Creations\3614 design\3614 H-1.DST,C:\Users\Asus\embroidery-finder\dst_images\Varsha Creations_3614 design_3614 H-1.png,3614 design,3614 H-1.DST,Varsha Creations
C:\Users\Asus\all pendrive design\dual hybrid\Varsha Creations\3614 design\3614 H-2-Bot.DST,C:\Users\Asus\embroidery-finder\dst_images\Varsha Creations_3614 design_3614 H-2-Bot.png,3614 design,3614 H-2-Bot.DST,Varsha Creations
C:\Users\Asus\all pendrive design\dual hybrid\Varsha Creations\3614 design\3614 H-2-Top.DST,C:\Users\Asus\embroidery-finder\dst_images\Varsha Creations_3614 design_3614 H-2-Top.png,3614 design,3614 H-2-Top.DST,Varsha Creations
C:\Users\Asus\all pendrive design\dual hybrid\Varsha Creations\3614 design\3614 H-3Full.DST,C:\Users\Asus\embroidery-finder\dst_images\Varsha Creations_3614 design_3614 H-3Full.png,3614 design,3614 H-3Full.DST,Varsha Creations
C:\Users\Asus\all pendrive design\dual hybrid\Varsha Creations\3614 design\3614 H-4Full.DST,C:\Users\Asus\embroidery-finder\dst_images\Varsha Creations_3614 design_3614 H-4Full.png,3614 design,3614 H-4Full.DST,Varsha Creations
C:\Users\Asus\all pendrive design\dual hybrid\Varsha Creations\3614 design\3614 N-Full-Bu.DST,C:\Users\Asus\embroidery-finder\dst_images\Varsha Creations_3614 design_3614 N-Full-Bu.png,3614 design,3614 N-Full-Bu.DST,Varsha Creations
C:\Users\Asus\all pendrive design\dual hybrid\Varsha Creations\3614 design\3614 N-Full.DST,C:\Users\Asus\embroidery-finder\dst_images\Varsha Creations_3614 design_3614 N-Full.png,3614 design,3614 N-Full.DST,Varsha Creations
C:\Users\Asus\all pendrive design\dual hybrid\Varsha Creations\386 design\386 Butti-1.DST,C:\Users\Asus\embroidery-finder\dst_images\Varsha Creations_386 design_386 Butti-1.png,386 design,386 Butti-1.DST,Varsha Creations
C:\Users\Asus\all pendrive design\dual hybrid\Varsha Creations\386 design\386 Butti-2.DST,C:\Users\Asus\embroidery-finder\dst_images\Varsha Creations_386 design_386 Butti-2.png,386 design,386 Butti-2.DST,Varsha Creations
C:\Users\Asus\all pendrive design\dual hybrid\Varsha Creations\386 design\386 Front.DST,C:\Users\Asus\embroidery-finder\dst_images\Varsha Creations_386 design_386 Front.png,386 design,386 Front.DST,Varsha Creations
C:\Users\Asus\all pendrive design\dual hybrid\Varsha Creations\386 design\386 Hand-1.DST,C:\Users\Asus\embroidery-finder\dst_images\Varsha Creations_386 design_386 Hand-1.png,386 design,386 Hand-1.DST,Varsha Creations
C:\Users\Asus\all pendrive design\dual hybrid\Varsha Creations\386 design\386 Hand-2.DST,C:\Users\Asus\embroidery-finder\dst_images\Varsha Creations_386 design_386 Hand-2.png,386 design,386 Hand-2.DST,Varsha Creations
C:\Users\Asus\all pendrive design\dual hybrid\Varsha Creations\386 design\386 Hand-3.DST,C:\Users\Asus\embroidery-finder\dst_images\Varsha Creations_386 design_386 Hand-3.png,386 design,386 Hand-3.DST,Varsha Creations
C:\Users\Asus\all pendrive design\dual hybrid\Varsha Creations\386 design\386 N-Full.DST,C:\Users\Asus\embroidery-finder\dst_images\Varsha Creations_386 design_386 N-Full.png,386 design,386 N-Full.DST,Varsha Creations
C:\Users\Asus\all pendrive design\dual hybrid\Varsha Creations\3903 design\3903 Bu-1.DST,C:\Users\Asus\embroidery-finder\dst_images\Varsha Creations_3903 design_3903 Bu-1.png,3903 design,3903 Bu-1.DST,Varsha Creations
C:\Users\Asus\all pendrive design\dual hybrid\Varsha Creations\3903 design\3903 Bu-2.DST,C:\Users\Asus\embroidery-finder\dst_images\Varsha Creations_3903 design_3903 Bu-2.png,3903 design,3903 Bu-2.DST,Varsha Creations
C:\Users\Asus\all pendrive design\dual hybrid\Varsha Creations\3903 design\3903 Fr.DST,C:\Users\Asus\embroidery-finder\dst_images\Varsha Creations_3903 design_3903 Fr.png,3903 design,3903 Fr.DST,Varsha Creations
C:\Users\Asus\all pendrive design\dual hybrid\Varsha Creations\3903 design\3903 H-1.DST,C:\Users\Asus\embroidery-finder\dst_images\Varsha Creations_3903 design_3903 H-1.png,3903 design,3903 H-1.DST,Varsha Creations
C:\Users\Asus\all pendrive design\dual hybrid\Varsha Creations\3903 design\3903 H-2.DST,C:\Users\Asus\embroidery-finder\dst_images\Varsha Creations_3903 design_3903 H-2.png,3903 design,3903 H-2.DST,Varsha Creations
C:\Users\Asus\all pendrive design\dual hybrid\Varsha Creations\3903 design\3903 H-3Full.DST,C:\Users\Asus\embroidery-finder\dst_images\Varsha Creations_3903 design_3903 H-3Full.png,3903 design,3903 H-3Full.DST,Varsha Creations
C:\Users\Asus\all pendrive design\dual hybrid\Varsha Creations\3903 design\3903 N-Full-1   5P5X11.DST,C:\Users\Asus\embroidery-finder\dst_images\Varsha Creations_3903 design_3903 N-Full-1   5P5X11.png,3903 design,3903 N-Full-1   5P5X11.DST,Varsha Creations
C:\Users\Asus\all pendrive design\dual hybrid\Varsha Creations\3903 design\3903 N-Full-2.DST,C:\Users\Asus\embroidery-finder\dst_images\Varsha Creations_3903 design_3903 N-Full-2.png,3903 design,3903 N-Full-2.DST,Varsha Creations
C:\Users\Asus\all pendrive design\dual hybrid\Varsha Creations\4032 design\4032 Bu-1.DST,C:\Users\Asus\embroidery-finder\dst_images\Varsha Creations_4032 design_4032 Bu-1.png,4032 design,4032 Bu-1.DST,Varsha Creations
C:\Users\Asus\all pendrive design\dual hybrid\Varsha Creations\4032 design\4032 Fr.dst,C:\Users\Asus\embroidery-finder\dst_images\Varsha Creations_4032 design_4032 Fr.png,4032 design,4032 Fr.dst,Varsha Creations
C:\Users\Asus\all pendrive design\dual hybrid\Varsha Creations\4032 design\4032 H-1.dst,C:\Users\Asus\embroidery-finder\dst_images\Varsha Creations_4032 design_4032 H-1.png,4032 design,4032 H-1.dst,Varsha Creations
C:\Users\Asus\all pendrive design\dual hybrid\Varsha Creations\4032 design\4032 H-2 Bot.dst,C:\Users\Asus\embroidery-finder\dst_images\Varsha Creations_4032 design_4032 H-2 Bot.png,4032 design,4032 H-2 Bot.dst,Varsha Creations
C:\Users\Asus\all pendrive design\dual hybrid\Varsha Creations\4032 design\4032 H-2 Top.dst,C:\Users\Asus\embroidery-finder\dst_images\Varsha Creations_4032 design_4032 H-2 Top.png,4032 design,4032 H-2 Top.dst,Varsha Creations
C:\Users\Asus\all pendrive design\dual hybrid\Varsha Creations\4032 design\4032 H-Full.DST,C:\Users\Asus\embroidery-finder\dst_images\Varsha Creations_4032 design_4032 H-Full.png,4032 design,4032 H-Full.DST,Varsha Creations
C:\Users\Asus\all pendrive design\dual hybrid\Varsha Creations\4032 design\4032 N-Full.DST,C:\Users\Asus\embroidery-finder\dst_images\Varsha Creations_4032 design_4032 N-Full.png,4032 design,4032 N-Full.DST,Varsha Creations
C:\Users\Asus\all pendrive design\dual hybrid\Varsha Creations\4191 design\4191 Bu-1.DST,C:\Users\Asus\embroidery-finder\dst_images\Varsha Creations_4191 design_4191 Bu-1.png,4191 design,4191 Bu-1.DST,Varsha Creations
C:\Users\Asus\all pendrive design\dual hybrid\Varsha Creations\4191 design\4191 Bu-2.DST,C:\Users\Asus\embroidery-finder\dst_images\Varsha Creations_4191 design_4191 Bu-2.png,4191 design,4191 Bu-2.DST,Varsha Creations
C:\Users\Asus\all pendrive design\dual hybrid\Varsha Creations\4191 design\4191 Bu-3.DST,C:\Users\Asus\embroidery-finder\dst_images\Varsha Creations_4191 design_4191 Bu-3.png,4191 design,4191 Bu-3.DST,Varsha Creations
C:\Users\Asus\all pendrive design\dual hybrid\Varsha Creations\4191 design\4191 Fr.DST,C:\Users\Asus\embroidery-finder\dst_images\Varsha Creations_4191 design_4191 Fr.png,4191 design,4191 Fr.DST,Varsha Creations
C:\Users\Asus\all pendrive design\dual hybrid\Varsha Creations\4191 design\4191 H-1  BPBig.DST,C:\Users\Asus\embroidery-finder\dst_images\Varsha Creations_4191 design_4191 H-1  BPBig.png,4191 design,4191 H-1  BPBig.DST,Varsha Creations
C:\Users\Asus\all pendrive design\dual hybrid\Varsha Creations\4191 design\4191 H-2 Full.DST,C:\Users\Asus\embroidery-finder\dst_images\Varsha Creations_4191 design_4191 H-2 Full.png,4191 design,4191 H-2 Full.DST,Varsha Creations
C:\Users\Asus\all pendrive design\dual hybrid\Varsha Creations\4191 design\4191 H-2 Top  BPBig.DST,C:\Users\Asus\embroidery-finder\dst_images\Varsha Creations_4191 design_4191 H-2 Top  BPBig.png,4191 design,4191 H-2 Top  BPBig.DST,Varsha Creations
C:\Users\Asus\all pendrive design\dual hybrid\Varsha Creations\4191 design\4191 N-Full with butties.DST,C:\Users\Asus\embroidery-finder\dst_images\Varsha Creations_4191 design_4191 N-Full with butties.png,4191 design,4191 N-Full with butties.DST,Varsha Creations
C:\Users\Asus\all pendrive design\dual hybrid\Varsha Creations\4191 design\4191 N-Full.DST,C:\Users\Asus\embroidery-finder\dst_images\Varsha Creations_4191 design_4191 N-Full.png,4191 design,4191 N-Full.DST,Varsha Creations
C:\Users\Asus\all pendrive design\dual hybrid\Varsha Creations\4379 alter design\4379 H-2SMALL 27 - 15.DST,C:\Users\Asus\embroidery-finder\dst_images\Varsha Creations_4379 alter design_4379 H-2SMALL 27 - 15.png,4379 alter design,4379 H-2SMALL 27 - 15.DST,Varsha Creations
C:\Users\Asus\all pendrive design\dual hybrid\Varsha Creations\4379 alter design\4379 N-FULL 5-6-10.5.DST,C:\Users\Asus\embroidery-finder\dst_images\Varsha Creations_4379 alter design_4379 N-FULL 5-6-10.5.png,4379 alter design,4379 N-FULL 5-6-10.5.DST,Varsha Creations
C:\Users\Asus\all pendrive design\dual hybrid\Varsha Creations\4379 alter design\5-6-9.5.DST,C:\Users\Asus\embroidery-finder\dst_images\Varsha Creations_4379 alter design_5-6-9.5.png,4379 alter design,5-6-9.5.DST,Varsha Creations
C:\Users\Asus\all pendrive design\dual hybrid\Varsha Creations\4379 alter design\sleeve.DST,C:\Users\Asus\embroidery-finder\dst_images\Varsha Creations_4379 alter design_sleeve.png,4379 alter design,sleeve.DST,Varsha Creations
C:\Users\Asus\all pendrive design\dual hybrid\Varsha Creations\4379 design\4379 Bu-1.DST,C:\Users\Asus\embroidery-finder\dst_images\Varsha Creations_4379 design_4379 Bu-1.png,4379 design,4379 Bu-1.DST,Varsha Creations
C:\Users\Asus\all pendrive design\dual hybrid\Varsha Creations\4379 design\4379 Fr.DST,C:\Users\Asus\embroidery-finder\dst_images\Varsha Creations_4379 design_4379 Fr.png,4379 design,4379 Fr.DST,Varsha Creations
C:\Users\Asus\all pendrive design\dual hybrid\Varsha Creations\4379 design\4379 H-1.DST,C:\Users\Asus\embroidery-finder\dst_images\Varsha Creations_4379 design_4379 H-1.png,4379 design,4379 H-1.DST,Varsha Creations
C:\Users\Asus\all pendrive design\dual hybrid\Varsha Creations\4379 design\4379 H-2Small.DST,C:\Users\Asus\embroidery-finder\dst_images\Varsha Creations_4379 design_4379 H-2Small.png,4379 design,4379 H-2Small.DST,Varsha Creations
C:\Users\Asus\all pendrive design\dual hybrid\Varsha Creations\4379 design\4379 H-3Full.DST,C:\Users\Asus\embroidery-finder\dst_images\Varsha Creations_4379 design_4379 H-3Full.png,4379 design,4379 H-3Full.DST,Varsha Creations
C:\Users\Asus\all pendrive design\dual hybrid\Varsha Creations\4379 design\4379 N-Full.DST,C:\Users\Asus\embroidery-finder\dst_images\Varsha Creations_4379 design_4379 N-Full.png,4379 design,4379 N-Full.DST,Varsha Creations
C:\Users\Asus\all pendrive design\dual hybrid\Varsha Creations\4379 design\Design2.DST,C:\Users\Asus\embroidery-finder\dst_images\Varsha Creations_4379 design_Design2.png,4379 design,Design2.DST,Varsha Creations
C:\Users\Asus\all pendrive design\dual hybrid\Varsha Creations\4596 design\4596 Bu-1.DST,C:\Users\Asus\embroidery-finder\dst_images\Varsha Creations_4596 design_4596 Bu-1.png,4596 design,4596 Bu-1.DST,Varsha Creations
C:\Users\Asus\all pendrive design\dual hybrid\Varsha Creations\4596 design\4596 Bu-2.DST,C:\Users\Asus\embroidery-finder\dst_images\Varsha Creations_4596 design_4596 Bu-2.png,4596 design,4596 Bu-2.DST,Varsha Creations
C:\Users\Asus\all pendrive design\dual hybrid\Varsha Creations\4596 design\4596 Fr.DST,C:\Users\Asus\embroidery-finder\dst_images\Varsha Creations_4596 design_4596 Fr.png,4596 design,4596 Fr.DST,Varsha Creations
C:\Users\Asus\all pendrive design\dual hybrid\Varsha Creations\4596 design\4596 H-1.DST,C:\Users\Asus\embroidery-finder\dst_images\Varsha Creations_4596 design_4596 H-1.png,4596 design,4596 H-1.DST,Varsha Creations
C:\Users\Asus\all pendrive design\dual hybrid\Varsha Creations\4596 design\4596 H-2-Bot.DST,C:\Users\Asus\embroidery-finder\dst_images\Varsha Creations_4596 design_4596 H-2-Bot.png,4596 design,4596 H-2-Bot.DST,Varsha Creations
C:\Users\Asus\all pendrive design\dual hybrid\Varsha Creations\4596 design\4596 H-2Full.DST,C:\Users\Asus\embroidery-finder\dst_images\Varsha Creations_4596 design_4596 H-2Full.png,4596 design,4596 H-2Full.DST,Varsha Creations
C:\Users\Asus\all pendrive design\dual hybrid\Varsha Creations\4596 design\4596 N-Full-Bu-2.DST,C:\Users\Asus\embroidery-finder\dst_images\Varsha Creations_4596 design_4596 N-Full-Bu-2.png,4596 design,4596 N-Full-Bu-2.DST,Varsha Creations
C:\Users\Asus\all pendrive design\dual hybrid\Varsha Creations\4596 design\4596 N-Full-Bu.DST,C:\Users\Asus\embroidery-finder\dst_images\Varsha Creations_4596 design_4596 N-Full-Bu.png,4596 design,4596 N-Full-Bu.DST,Varsha Creations
C:\Users\Asus\all pendrive design\dual hybrid\Varsha Creations\4596 design\4596 N-Full.DST,C:\Users\Asus\embroidery-finder\dst_images\Varsha Creations_4596 design_4596 N-Full.png,4596 design,4596 N-Full.DST,Varsha Creations
C:\Users\Asus\all pendrive design\dual hybrid\Varsha Creations\49 design\49 Bu-1.DST,C:\Users\Asus\embroidery-finder\dst_images\Varsha Creations_49 design_49 Bu-1.png,49 design,49 Bu-1.DST,Varsha Creations
C:\Users\Asus\all pendrive design\dual hybrid\Varsha Creations\49 design\49 Bu-2.DST,C:\Users\Asus\embroidery-finder\dst_images\Varsha Creations_49 design_49 Bu-2.png,49 design,49 Bu-2.DST,Varsha Creations
C:\Users\Asus\all pendrive design\dual hybrid\Varsha Creations\49 design\49 Fr-1.DST,C:\Users\Asus\embroidery-finder\dst_images\Varsha Creations_49 design_49 Fr-1.png,49 design,49 Fr-1.DST,Varsha Creations
C:\Users\Asus\all pendrive design\dual hybrid\Varsha Creations\49 design\49 Fr-2.DST,C:\Users\Asus\embroidery-finder\dst_images\Varsha Creations_49 design_49 Fr-2.png,49 design,49 Fr-2.DST,Varsha Creations
C:\Users\Asus\all pendrive design\dual hybrid\Varsha Creations\49 design\49 H-1.DST,C:\Users\Asus\embroidery-finder\dst_images\Varsha Creations_49 design_49 H-1.png,49 design,49 H-1.DST,Varsha Creations
C:\Users\Asus\all pendrive design\dual hybrid\Varsha Creations\49 design\49 H-2.DST,C:\Users\Asus\embroidery-finder\dst_images\Varsha Creations_49 design_49 H-2.png,49 design,49 H-2.DST,Varsha Creations
C:\Users\Asus\all pendrive design\dual hybrid\Varsha Creations\49 design\49 H-3.DST,C:\Users\Asus\embroidery-finder\dst_images\Varsha Creations_49 design_49 H-3.png,49 design,49 H-3.DST,Varsha Creations
C:\Users\Asus\all pendrive design\dual hybrid\Varsha Creations\49 design\49 N-Full with Buttis.DST,C:\Users\Asus\embroidery-finder\dst_images\Varsha Creations_49 design_49 N-Full with Buttis.png,49 design,49 N-Full with Buttis.DST,Varsha Creations
C:\Users\Asus\all pendrive design\dual hybrid\Varsha Creations\49 design\49 N-Full.DST,C:\Users\Asus\embroidery-finder\dst_images\Varsha Creations_49 design_49 N-Full.png,49 design,49 N-Full.DST,Varsha Creations
C:\Users\Asus\all pendrive design\dual hybrid\Varsha Creations\4963 design\4963 Bu-1.DST,C:\Users\Asus\embroidery-finder\dst_images\Varsha Creations_4963 design_4963 Bu-1.png,4963 design,4963 Bu-1.DST,Varsha Creations
C:\Users\Asus\all pendrive design\dual hybrid\Varsha Creations\4963 design\4963 Bu-2.DST,C:\Users\Asus\embroidery-finder\dst_images\Varsha Creations_4963 design_4963 Bu-2.png,4963 design,4963 Bu-2.DST,Varsha Creations
C:\Users\Asus\all pendrive design\dual hybrid\Varsha Creations\4963 design\4963 Fr.DST,C:\Users\Asus\embroidery-finder\dst_images\Varsha Creations_4963 design_4963 Fr.png,4963 design,4963 Fr.DST,Varsha Creations
C:\Users\Asus\all pendrive design\dual hybrid\Varsha Creations\4963 design\4963 H-1 BPB7.DST,C:\Users\Asus\embroidery-finder\dst_images\Varsha Creations_4963 design_4963 H-1 BPB7.png,4963 design,4963 H-1 BPB7.DST,Varsha Creations
C:\Users\Asus\all pendrive design\dual hybrid\Varsha Creations\4963 design\4963 H-2-Bot  BPB7.DST,C:\Users\Asus\embroidery-finder\dst_images\Varsha Creations_4963 design_4963 H-2-Bot  BPB7.png,4963 design,4963 H-2-Bot  BPB7.DST,Varsha Creations
C:\Users\Asus\all pendrive design\dual hybrid\Varsha Creations\4963 design\4963 H-3Full.DST,C:\Users\Asus\embroidery-finder\dst_images\Varsha Creations_4963 design_4963 H-3Full.png,4963 design,4963 H-3Full.DST,Varsha Creations
C:\Users\Asus\all pendrive design\dual hybrid\Varsha Creations\4963 design\4963 N-Full-Bu.DST,C:\Users\Asus\embroidery-finder\dst_images\Varsha Creations_4963 design_4963 N-Full-Bu.png,4963 design,4963 N-Full-Bu.DST,Varsha Creations
C:\Users\Asus\all pendrive design\dual hybrid\Varsha Creations\4963 design\4963 N-Full.DST,C:\Users\Asus\embroidery-finder\dst_images\Varsha Creations_4963 design_4963 N-Full.png,4963 design,4963 N-Full.DST,Varsha Creations
C:\Users\Asus\all pendrive design\dual hybrid\Varsha Creations\5095 design\5095 Bu-1.DST,C:\Users\Asus\embroidery-finder\dst_images\Varsha Creations_5095 design_5095 Bu-1.png,5095 design,5095 Bu-1.DST,Varsha Creations
C:\Users\Asus\all pendrive design\dual hybrid\Varsha Creations\5095 design\5095 Bu-2.DST,C:\Users\Asus\embroidery-finder\dst_images\Varsha Creations_5095 design_5095 Bu-2.png,5095 design,5095 Bu-2.DST,Varsha Creations
C:\Users\Asus\all pendrive design\dual hybrid\Varsha Creations\5095 design\5095 Bu-3.DST,C:\Users\Asus\embroidery-finder\dst_images\Varsha Creations_5095 design_5095 Bu-3.png,5095 design,5095 Bu-3.DST,Varsha Creations
C:\Users\Asus\all pendrive design\dual hybrid\Varsha Creations\5095 design\5095 Fr.DST,C:\Users\Asus\embroidery-finder\dst_images\Varsha Creations_5095 design_5095 Fr.png,5095 design,5095 Fr.DST,Varsha Creations
C:\Users\Asus\all pendrive design\dual hybrid\Varsha Creations\5095 design\5095 H-1.DST,C:\Users\Asus\embroidery-finder\dst_images\Varsha Creations_5095 design_5095 H-1.png,5095 design,5095 H-1.DST,Varsha Creations
C:\Users\Asus\all pendrive design\dual hybrid\Varsha Creations\5095 design\5095 H-2-Bot.DST,C:\Users\Asus\embroidery-finder\dst_images\Varsha Creations_5095 design_5095 H-2-Bot.png,5095 design,5095 H-2-Bot.DST,Varsha Creations
C:\Users\Asus\all pendrive design\dual hybrid\Varsha Creations\5095 design\5095 H-3Full.DST,C:\Users\Asus\embroidery-finder\dst_images\Varsha Creations_5095 design_5095 H-3Full.png,5095 design,5095 H-3Full.DST,Varsha Creations
C:\Users\Asus\all pendrive design\dual hybrid\Varsha Creations\5095 design\5095 N-Full-Bu.DST,C:\Users\Asus\embroidery-finder\dst_images\Varsha Creations_5095 design_5095 N-Full-Bu.png,5095 design,5095 N-Full-Bu.DST,Varsha Creations
C:\Users\Asus\all pendrive design\dual hybrid\Varsha Creations\5095 design\5095 N-Full.DST,C:\Users\Asus\embroidery-finder\dst_images\Varsha Creations_5095 design_5095 N-Full.png,5095 design,5095 N-Full.DST,Varsha Creations
C:\Users\Asus\all pendrive design\dual hybrid\Varsha Creations\5346 design\5346 Bu-1.DST,C:\Users\Asus\embroidery-finder\dst_images\Varsha Creations_5346 design_5346 Bu-1.png,5346 design,5346 Bu-1.DST,Varsha Creations
C:\Users\Asus\all pendrive design\dual hybrid\Varsha Creations\5346 design\5346 Bu-2.DST,C:\Users\Asus\embroidery-finder\dst_images\Varsha Creations_5346 design_5346 Bu-2.png,5346 design,5346 Bu-2.DST,Varsha Creations
C:\Users\Asus\all pendrive design\dual hybrid\Varsha Creations\5346 design\5346 Fr-2.DST,C:\Users\Asus\embroidery-finder\dst_images\Varsha Creations_5346 design_5346 Fr-2.png,5346 design,5346 Fr-2.DST,Varsha Creations
C:\Users\Asus\all pendrive design\dual hybrid\Varsha Creations\5346 design\5346 Fr-Big.DST,C:\Users\Asus\embroidery-finder\dst_images\Varsha Creations_5346 design_5346 Fr-Big.png,5346 design,5346 Fr-Big.DST,Varsha Creations
C:\Users\Asus\all pendrive design\dual hybrid\Varsha Creations\5346 design\5346 Fr.DST,C:\Users\Asus\embroidery-finder\dst_images\Varsha Creations_5346 design_5346 Fr.png,5346 design,5346 Fr.DST,Varsha Creations
C:\Users\Asus\all pendrive design\dual hybrid\Varsha Creations\5346 design\5346 H-1  BPB7.DST,C:\Users\Asus\embroidery-finder\dst_images\Varsha Creations_5346 design_5346 H-1  BPB7.png,5346 design,5346 H-1  BPB7.DST,Varsha Creations
C:\Users\Asus\all pendrive design\dual hybrid\Varsha Creations\5346 design\5346 H-1.DST,C:\Users\Asus\embroidery-finder\dst_images\Varsha Creations_5346 design_5346 H-1.png,5346 design,5346 H-1.DST,Varsha Creations
C:\Users\Asus\all pendrive design\dual hybrid\Varsha Creations\5346 design\5346 H-2.DST,C:\Users\Asus\embroidery-finder\dst_images\Varsha Creations_5346 design_5346 H-2.png,5346 design,5346 H-2.DST,Varsha Creations
C:\Users\Asus\all pendrive design\dual hybrid\Varsha Creations\5346 design\5346 H-3Full.DST,C:\Users\Asus\embroidery-finder\dst_images\Varsha Creations_5346 design_5346 H-3Full.png,5346 design,5346 H-3Full.DST,Varsha Creations
C:\Users\Asus\all pendrive design\dual hybrid\Varsha Creations\5346 design\5346 N-Full-1.DST,C:\Users\Asus\embroidery-finder\dst_images\Varsha Creations_5346 design_5346 N-Full-1.png,5346 design,5346 N-Full-1.DST,Varsha Creations
C:\Users\Asus\all pendrive design\dual hybrid\Varsha Creations\5346 design\5346 N-Full-2.DST,C:\Users\Asus\embroidery-finder\dst_images\Varsha Creations_5346 design_5346 N-Full-2.png,5346 design,5346 N-Full-2.DST,Varsha Creations
C:\Users\Asus\all pendrive design\dual hybrid\Varsha Creations\5346 design\5346 N-Full-Bu.DST,C:\Users\Asus\embroidery-finder\dst_images\Varsha Creations_5346 design_5346 N-Full-Bu.png,5346 design,5346 N-Full-Bu.DST,Varsha Creations
C:\Users\Asus\all pendrive design\dual hybrid\Varsha Creations\5579 design\5579 Bu-1.DST,C:\Users\Asus\embroidery-finder\dst_images\Varsha Creations_5579 design_5579 Bu-1.png,5579 design,5579 Bu-1.DST,Varsha Creations
C:\Users\Asus\all pendrive design\dual hybrid\Varsha Creations\5579 design\5579 Fr.DST,C:\Users\Asus\embroidery-finder\dst_images\Varsha Creations_5579 design_5579 Fr.png,5579 design,5579 Fr.DST,Varsha Creations
C:\Users\Asus\all pendrive design\dual hybrid\Varsha Creations\5579 design\5579 H-1.DST,C:\Users\Asus\embroidery-finder\dst_images\Varsha Creations_5579 design_5579 H-1.png,5579 design,5579 H-1.DST,Varsha Creations
C:\Users\Asus\all pendrive design\dual hybrid\Varsha Creations\5579 design\5579 H-2 Full.DST,C:\Users\Asus\embroidery-finder\dst_images\Varsha Creations_5579 design_5579 H-2 Full.png,5579 design,5579 H-2 Full.DST,Varsha Creations
C:\Users\Asus\all pendrive design\dual hybrid\Varsha Creations\5579 design\5579 N-Full.DST,C:\Users\Asus\embroidery-finder\dst_images\Varsha Creations_5579 design_5579 N-Full.png,5579 design,5579 N-Full.DST,Varsha Creations
C:\Users\Asus\all pendrive design\dual hybrid\Varsha Creations\6056 design\6056 Bu-1.DST,C:\Users\Asus\embroidery-finder\dst_images\Varsha Creations_6056 design_6056 Bu-1.png,6056 design,6056 Bu-1.DST,Varsha Creations
C:\Users\Asus\all pendrive design\dual hybrid\Varsha Creations\6056 design\6056 Bu-2.DST,C:\Users\Asus\embroidery-finder\dst_images\Varsha Creations_6056 design_6056 Bu-2.png,6056 design,6056 Bu-2.DST,Varsha Creations
C:\Users\Asus\all pendrive design\dual hybrid\Varsha Creations\6056 design\6056 Bu-3.DST,C:\Users\Asus\embroidery-finder\dst_images\Varsha Creations_6056 design_6056 Bu-3.png,6056 design,6056 Bu-3.DST,Varsha Creations
C:\Users\Asus\all pendrive design\dual hybrid\Varsha Creations\6056 design\6056 Bu-4.DST,C:\Users\Asus\embroidery-finder\dst_images\Varsha Creations_6056 design_6056 Bu-4.png,6056 design,6056 Bu-4.DST,Varsha Creations
C:\Users\Asus\all pendrive design\dual hybrid\Varsha Creations\6056 design\6056 Fr-Cross.DST,C:\Users\Asus\embroidery-finder\dst_images\Varsha Creations_6056 design_6056 Fr-Cross.png,6056 design,6056 Fr-Cross.DST,Varsha Creations
C:\Users\Asus\all pendrive design\dual hybrid\Varsha Creations\6056 design\6056 Fr.DST,C:\Users\Asus\embroidery-finder\dst_images\Varsha Creations_6056 design_6056 Fr.png,6056 design,6056 Fr.DST,Varsha Creations
C:\Users\Asus\all pendrive design\dual hybrid\Varsha Creations\6056 design\6056 H-1.DST,C:\Users\Asus\embroidery-finder\dst_images\Varsha Creations_6056 design_6056 H-1.png,6056 design,6056 H-1.DST,Varsha Creations
C:\Users\Asus\all pendrive design\dual hybrid\Varsha Creations\6056 design\6056 H-1Line.DST,C:\Users\Asus\embroidery-finder\dst_images\Varsha Creations_6056 design_6056 H-1Line.png,6056 design,6056 H-1Line.DST,Varsha Creations
C:\Users\Asus\all pendrive design\dual hybrid\Varsha Creations\6056 design\6056 H-2.DST,C:\Users\Asus\embroidery-finder\dst_images\Varsha Creations_6056 design_6056 H-2.png,6056 design,6056 H-2.DST,Varsha Creations
C:\Users\Asus\all pendrive design\dual hybrid\Varsha Creations\6056 design\6056 H-3-Bot.DST,C:\Users\Asus\embroidery-finder\dst_images\Varsha Creations_6056 design_6056 H-3-Bot.png,6056 design,6056 H-3-Bot.DST,Varsha Creations
C:\Users\Asus\all pendrive design\dual hybrid\Varsha Creations\6056 design\6056 H-3Full.DST,C:\Users\Asus\embroidery-finder\dst_images\Varsha Creations_6056 design_6056 H-3Full.png,6056 design,6056 H-3Full.DST,Varsha Creations
C:\Users\Asus\all pendrive design\dual hybrid\Varsha Creations\6056 design\6056 H-5 Full.DST,C:\Users\Asus\embroidery-finder\dst_images\Varsha Creations_6056 design_6056 H-5 Full.png,6056 design,6056 H-5 Full.DST,Varsha Creations
C:\Users\Asus\all pendrive design\dual hybrid\Varsha Creations\6056 design\6056 H-6Full.DST,C:\Users\Asus\embroidery-finder\dst_images\Varsha Creations_6056 design_6056 H-6Full.png,6056 design,6056 H-6Full.DST,Varsha Creations
C:\Users\Asus\all pendrive design\dual hybrid\Varsha Creations\6056 design\6056 N-Full.DST,C:\Users\Asus\embroidery-finder\dst_images\Varsha Creations_6056 design_6056 N-Full.png,6056 design,6056 N-Full.DST,Varsha Creations
C:\Users\Asus\all pendrive design\dual hybrid\Varsha Creations\6415\6415 Bu-1.DST,C:\Users\Asus\embroidery-finder\dst_images\Varsha Creations_6415_6415 Bu-1.png,6415,6415 Bu-1.DST,Varsha Creations
C:\Users\Asus\all pendrive design\dual hybrid\Varsha Creations\6415\6415 Bu-2.DST,C:\Users\Asus\embroidery-finder\dst_images\Varsha Creations_6415_6415 Bu-2.png,6415,6415 Bu-2.DST,Varsha Creations
C:\Users\Asus\all pendrive design\dual hybrid\Varsha Creations\6415\6415 Fr-1.DST,C:\Users\Asus\embroidery-finder\dst_images\Varsha Creations_6415_6415 Fr-1.png,6415,6415 Fr-1.DST,Varsha Creations
C:\Users\Asus\all pendrive design\dual hybrid\Varsha Creations\6415\6415 Fr-2.DST,C:\Users\Asus\embroidery-finder\dst_images\Varsha Creations_6415_6415 Fr-2.png,6415,6415 Fr-2.DST,Varsha Creations
C:\Users\Asus\all pendrive design\dual hybrid\Varsha Creations\6415\6415 H-1.DST,C:\Users\Asus\embroidery-finder\dst_images\Varsha Creations_6415_6415 H-1.png,6415,6415 H-1.DST,Varsha Creations
C:\Users\Asus\all pendrive design\dual hybrid\Varsha Creations\6415\6415 H-2-Bot.DST,C:\Users\Asus\embroidery-finder\dst_images\Varsha Creations_6415_6415 H-2-Bot.png,6415,6415 H-2-Bot.DST,Varsha Creations
C:\Users\Asus\all pendrive design\dual hybrid\Varsha Creations\6415\6415 H-3Full.DST,C:\Users\Asus\embroidery-finder\dst_images\Varsha Creations_6415_6415 H-3Full.png,6415,6415 H-3Full.DST,Varsha Creations
C:\Users\Asus\all pendrive design\dual hybrid\Varsha Creations\6415\6415 N-Boat Full set.DST,C:\Users\Asus\embroidery-finder\dst_images\Varsha Creations_6415_6415 N-Boat Full set.png,6415,6415 N-Boat Full set.DST,Varsha Creations
C:\Users\Asus\all pendrive design\dual hybrid\Varsha Creations\6415\6415 N-Full.DST,C:\Users\Asus\embroidery-finder\dst_images\Varsha Creations_6415_6415 N-Full.png,6415,6415 N-Full.DST,Varsha Creations
C:\Users\Asus\all pendrive design\dual hybrid\Varsha Creations\6448 design\6448 Bu-1.DST,C:\Users\Asus\embroidery-finder\dst_images\Varsha Creations_6448 design_6448 Bu-1.png,6448 design,6448 Bu-1.DST,Varsha Creations
C:\Users\Asus\all pendrive design\dual hybrid\Varsha Creations\6448 design\6448 Bu-2.DST,C:\Users\Asus\embroidery-finder\dst_images\Varsha Creations_6448 design_6448 Bu-2.png,6448 design,6448 Bu-2.DST,Varsha Creations
C:\Users\Asus\all pendrive design\dual hybrid\Varsha Creations\6448 design\6448 Bu-3.DST,C:\Users\Asus\embroidery-finder\dst_images\Varsha Creations_6448 design_6448 Bu-3.png,6448 design,6448 Bu-3.DST,Varsha Creations
C:\Users\Asus\all pendrive design\dual hybrid\Varsha Creations\6448 design\6448 Fr.DST,C:\Users\Asus\embroidery-finder\dst_images\Varsha Creations_6448 design_6448 Fr.png,6448 design,6448 Fr.DST,Varsha Creations
C:\Users\Asus\all pendrive design\dual hybrid\Varsha Creations\6448 design\6448 H-1.DST,C:\Users\Asus\embroidery-finder\dst_images\Varsha Creations_6448 design_6448 H-1.png,6448 design,6448 H-1.DST,Varsha Creations
C:\Users\Asus\all pendrive design\dual hybrid\Varsha Creations\6448 design\6448 H-2.DST,C:\Users\Asus\embroidery-finder\dst_images\Varsha Creations_6448 design_6448 H-2.png,6448 design,6448 H-2.DST,Varsha Creations
C:\Users\Asus\all pendrive design\dual hybrid\Varsha Creations\6448 design\6448 H-3 Bot.DST,C:\Users\Asus\embroidery-finder\dst_images\Varsha Creations_6448 design_6448 H-3 Bot.png,6448 design,6448 H-3 Bot.DST,Varsha Creations
C:\Users\Asus\all pendrive design\dual hybrid\Varsha Creations\6448 design\6448 H-3 Full.DST,C:\Users\Asus\embroidery-finder\dst_images\Varsha Creations_6448 design_6448 H-3 Full.png,6448 design,6448 H-3 Full.DST,Varsha Creations
C:\Users\Asus\all pendrive design\dual hybrid\Varsha Creations\6448 design\6448 N-Boat.DST,C:\Users\Asus\embroidery-finder\dst_images\Varsha Creations_6448 design_6448 N-Boat.png,6448 design,6448 N-Boat.DST,Varsha Creations
C:\Users\Asus\all pendrive design\dual hybrid\Varsha Creations\6448 design\6448 N-Full.DST,C:\Users\Asus\embroidery-finder\dst_images\Varsha Creations_6448 design_6448 N-Full.png,6448 design,6448 N-Full.DST,Varsha Creations
C:\Users\Asus\all pendrive design\dual hybrid\Varsha Creations\7027 design\10-hand.DST,C:\Users\Asus\embroidery-finder\dst_images\Varsha Creations_7027 design_10-hand.png,7027 design,10-hand.DST,Varsha Creations
C:\Users\Asus\all pendrive design\dual hybrid\Varsha Creations\7027 design\7027_Bu-1.DST,C:\Users\Asus\embroidery-finder\dst_images\Varsha Creations_7027 design_7027_Bu-1.png,7027 design,7027_Bu-1.DST,Varsha Creations
C:\Users\Asus\all pendrive design\dual hybrid\Varsha Creations\7027 design\7027_Bu-2.DST,C:\Users\Asus\embroidery-finder\dst_images\Varsha Creations_7027 design_7027_Bu-2.png,7027 design,7027_Bu-2.DST,Varsha Creations
C:\Users\Asus\all pendrive design\dual hybrid\Varsha Creations\7027 design\7027_Fr.DST,C:\Users\Asus\embroidery-finder\dst_images\Varsha Creations_7027 design_7027_Fr.png,7027 design,7027_Fr.DST,Varsha Creations
C:\Users\Asus\all pendrive design\dual hybrid\Varsha Creations\7027 design\7027_H-1.DST,C:\Users\Asus\embroidery-finder\dst_images\Varsha Creations_7027 design_7027_H-1.png,7027 design,7027_H-1.DST,Varsha Creations
C:\Users\Asus\all pendrive design\dual hybrid\Varsha Creations\7027 design\7027_H-2-Bot.DST,C:\Users\Asus\embroidery-finder\dst_images\Varsha Creations_7027 design_7027_H-2-Bot.png,7027 design,7027_H-2-Bot.DST,Varsha Creations
C:\Users\Asus\all pendrive design\dual hybrid\Varsha Creations\7027 design\7027_H-3Full.DST,C:\Users\Asus\embroidery-finder\dst_images\Varsha Creations_7027 design_7027_H-3Full.png,7027 design,7027_H-3Full.DST,Varsha Creations
C:\Users\Asus\all pendrive design\dual hybrid\Varsha Creations\7027 design\7027_N-Full-1.DST,C:\Users\Asus\embroidery-finder\dst_images\Varsha Creations_7027 design_7027_N-Full-1.png,7027 design,7027_N-Full-1.DST,Varsha Creations
C:\Users\Asus\all pendrive design\dual hybrid\Varsha Creations\7027 design\7027_N-Full-2.DST,C:\Users\Asus\embroidery-finder\dst_images\Varsha Creations_7027 design_7027_N-Full-2.png,7027 design,7027_N-Full-2.DST,Varsha Creations
C:\Users\Asus\all pendrive design\dual hybrid\Varsha Creations\7027 design\7027_N-Full-3.DST,C:\Users\Asus\embroidery-finder\dst_images\Varsha Creations_7027 design_7027_N-Full-3.png,7027 design,7027_N-Full-3.DST,Varsha Creations
C:\Users\Asus\all pendrive design\dual hybrid\Varsha Creations\7027 design\8-hand.DST,C:\Users\Asus\embroidery-finder\dst_images\Varsha Creations_7027 design_8-hand.png,7027 design,8-hand.DST,Varsha Creations
C:\Users\Asus\all pendrive design\dual hybrid\Varsha Creations\7027 design\u-10-5 back.DST,C:\Users\Asus\embroidery-finder\dst_images\Varsha Creations_7027 design_u-10-5 back.png,7027 design,u-10-5 back.DST,Varsha Creations
C:\Users\Asus\all pendrive design\dual hybrid\Varsha Creations\7752\5-6-10.DST,C:\Users\Asus\embroidery-finder\dst_images\Varsha Creations_7752_5-6-10.png,7752,5-6-10.DST,Varsha Creations
C:\Users\Asus\all pendrive design\dual hybrid\Varsha Creations\7752\5-6-11.DST,C:\Users\Asus\embroidery-finder\dst_images\Varsha Creations_7752_5-6-11.png,7752,5-6-11.DST,Varsha Creations
C:\Users\Asus\all pendrive design\dual hybrid\Varsha Creations\7752\7752 Bu-1.DST,C:\Users\Asus\embroidery-finder\dst_images\Varsha Creations_7752_7752 Bu-1.png,7752,7752 Bu-1.DST,Varsha Creations
C:\Users\Asus\all pendrive design\dual hybrid\Varsha Creations\7752\7752 Bu-2.DST,C:\Users\Asus\embroidery-finder\dst_images\Varsha Creations_7752_7752 Bu-2.png,7752,7752 Bu-2.DST,Varsha Creations
C:\Users\Asus\all pendrive design\dual hybrid\Varsha Creations\7752\7752 Bu-3.DST,C:\Users\Asus\embroidery-finder\dst_images\Varsha Creations_7752_7752 Bu-3.png,7752,7752 Bu-3.DST,Varsha Creations
C:\Users\Asus\all pendrive design\dual hybrid\Varsha Creations\7752\7752 Fr-cross.DST,C:\Users\Asus\embroidery-finder\dst_images\Varsha Creations_7752_7752 Fr-cross.png,7752,7752 Fr-cross.DST,Varsha Creations
C:\Users\Asus\all pendrive design\dual hybrid\Varsha Creations\7752\7752 Fr.DST,C:\Users\Asus\embroidery-finder\dst_images\Varsha Creations_7752_7752 Fr.png,7752,7752 Fr.DST,Varsha Creations
C:\Users\Asus\all pendrive design\dual hybrid\Varsha Creations\7752\7752 H-1.DST,C:\Users\Asus\embroidery-finder\dst_images\Varsha Creations_7752_7752 H-1.png,7752,7752 H-1.DST,Varsha Creations
C:\Users\Asus\all pendrive design\dual hybrid\Varsha Creations\7752\7752 H-2 Bot.DST,C:\Users\Asus\embroidery-finder\dst_images\Varsha Creations_7752_7752 H-2 Bot.png,7752,7752 H-2 Bot.DST,Varsha Creations
C:\Users\Asus\all pendrive design\dual hybrid\Varsha Creations\7752\7752 H-2 Full.DST,C:\Users\Asus\embroidery-finder\dst_images\Varsha Creations_7752_7752 H-2 Full.png,7752,7752 H-2 Full.DST,Varsha Creations
C:\Users\Asus\all pendrive design\dual hybrid\Varsha Creations\7752\7752 Latkan.DST,C:\Users\Asus\embroidery-finder\dst_images\Varsha Creations_7752_7752 Latkan.png,7752,7752 Latkan.DST,Varsha Creations
C:\Users\Asus\all pendrive design\dual hybrid\Varsha Creations\7752\7752 Latkans.DST,C:\Users\Asus\embroidery-finder\dst_images\Varsha Creations_7752_7752 Latkans.png,7752,7752 Latkans.DST,Varsha Creations
C:\Users\Asus\all pendrive design\dual hybrid\Varsha Creations\7752\7752 N-Full (1).DST,C:\Users\Asus\embroidery-finder\dst_images\Varsha Creations_7752_7752 N-Full (1).png,7752,7752 N-Full (1).DST,Varsha Creations
C:\Users\Asus\all pendrive design\dual hybrid\Varsha Creations\7752\7752 N-Full.DST,C:\Users\Asus\embroidery-finder\dst_images\Varsha Creations_7752_7752 N-Full.png,7752,7752 N-Full.DST,Varsha Creations
C:\Users\Asus\all pendrive design\dual hybrid\Varsha Creations\7752\front-no-butta.DST,C:\Users\Asus\embroidery-finder\dst_images\Varsha Creations_7752_front-no-butta.png,7752,front-no-butta.DST,Varsha Creations
C:\Users\Asus\all pendrive design\dual hybrid\Varsha Creations\7752\patti 6.DST,C:\Users\Asus\embroidery-finder\dst_images\Varsha Creations_7752_patti 6.png,7752,patti 6.DST,Varsha Creations
C:\Users\Asus\all pendrive design\dual hybrid\Varsha Creations\7752\patti 9.DST,C:\Users\Asus\embroidery-finder\dst_images\Varsha Creations_7752_patti 9.png,7752,patti 9.DST,Varsha Creations
C:\Users\Asus\all pendrive design\dual hybrid\Varsha Creations\819 design\819 Bu-1.DST,C:\Users\Asus\embroidery-finder\dst_images\Varsha Creations_819 design_819 Bu-1.png,819 design,819 Bu-1.DST,Varsha Creations
C:\Users\Asus\all pendrive design\dual hybrid\Varsha Creations\819 design\819 Bu-2.DST,C:\Users\Asus\embroidery-finder\dst_images\Varsha Creations_819 design_819 Bu-2.png,819 design,819 Bu-2.DST,Varsha Creations
C:\Users\Asus\all pendrive design\dual hybrid\Varsha Creations\819 design\819 Bu-3.DST,C:\Users\Asus\embroidery-finder\dst_images\Varsha Creations_819 design_819 Bu-3.png,819 design,819 Bu-3.DST,Varsha Creations
C:\Users\Asus\all pendrive design\dual hybrid\Varsha Creations\819 design\819 Bu-4.DST,C:\Users\Asus\embroidery-finder\dst_images\Varsha Creations_819 design_819 Bu-4.png,819 design,819 Bu-4.DST,Varsha Creations
C:\Users\Asus\all pendrive design\dual hybrid\Varsha Creations\819 design\819 Fr-1.DST,C:\Users\Asus\embroidery-finder\dst_images\Varsha Creations_819 design_819 Fr-1.png,819 design,819 Fr-1.DST,Varsha Creations
C:\Users\Asus\all pendrive design\dual hybrid\Varsha Creations\819 design\819 Fr-6.5.DST,C:\Users\Asus\embroidery-finder\dst_images\Varsha Creations_819 design_819 Fr-6.5.png,819 design,819 Fr-6.5.DST,Varsha Creations
C:\Users\Asus\all pendrive design\dual hybrid\Varsha Creations\819 design\819 H-1.DST,C:\Users\Asus\embroidery-finder\dst_images\Varsha Creations_819 design_819 H-1.png,819 design,819 H-1.DST,Varsha Creations
C:\Users\Asus\all pendrive design\dual hybrid\Varsha Creations\819 design\819 H-2-Bot.DST,C:\Users\Asus\embroidery-finder\dst_images\Varsha Creations_819 design_819 H-2-Bot.png,819 design,819 H-2-Bot.DST,Varsha Creations
C:\Users\Asus\all pendrive design\dual hybrid\Varsha Creations\819 design\819 H-2-Top.DST,C:\Users\Asus\embroidery-finder\dst_images\Varsha Creations_819 design_819 H-2-Top.png,819 design,819 H-2-Top.DST,Varsha Creations
C:\Users\Asus\all pendrive design\dual hybrid\Varsha Creations\819 design\819 H-3.DST,C:\Users\Asus\embroidery-finder\dst_images\Varsha Creations_819 design_819 H-3.png,819 design,819 H-3.DST,Varsha Creations
C:\Users\Asus\all pendrive design\dual hybrid\Varsha Creations\819 design\819 H-4 Full.DST,C:\Users\Asus\embroidery-finder\dst_images\Varsha Creations_819 design_819 H-4 Full.png,819 design,819 H-4 Full.DST,Varsha Creations
C:\Users\Asus\all pendrive design\dual hybrid\Varsha Creations\819 design\819 H-5 Full.DST,C:\Users\Asus\embroidery-finder\dst_images\Varsha Creations_819 design_819 H-5 Full.png,819 design,819 H-5 Full.DST,Varsha Creations
C:\Users\Asus\all pendrive design\dual hybrid\Varsha Creations\819 design\819 H-6 Full.DST,C:\Users\Asus\embroidery-finder\dst_images\Varsha Creations_819 design_819 H-6 Full.png,819 design,819 H-6 Full.DST,Varsha Creations
C:\Users\Asus\all pendrive design\dual hybrid\Varsha Creations\819 design\819 H-6-Bot.DST,C:\Users\Asus\embroidery-finder\dst_images\Varsha Creations_819 design_819 H-6-Bot.png,819 design,819 H-6-Bot.DST,Varsha Creations
C:\Users\Asus\all pendrive design\dual hybrid\Varsha Creations\819 design\819 N-Full-1.DST,C:\Users\Asus\embroidery-finder\dst_images\Varsha Creations_819 design_819 N-Full-1.png,819 design,819 N-Full-1.DST,Varsha Creations
C:\Users\Asus\all pendrive design\dual hybrid\Varsha Creations\819 design\819 N-Full-Bu.DST,C:\Users\Asus\embroidery-finder\dst_images\Varsha Creations_819 design_819 N-Full-Bu.png,819 design,819 N-Full-Bu.DST,Varsha Creations
C:\Users\Asus\all pendrive design\dual hybrid\Varsha Creations\819 design\819 N-Full-Curved-Bu.DST,C:\Users\Asus\embroidery-finder\dst_images\Varsha Creations_819 design_819 N-Full-Curved-Bu.png,819 design,819 N-Full-Curved-Bu.DST,Varsha Creations
C:\Users\Asus\all pendrive design\dual hybrid\Varsha Creations\825 desgin\825 Bu-1.DST,C:\Users\Asus\embroidery-finder\dst_images\Varsha Creations_825 desgin_825 Bu-1.png,825 desgin,825 Bu-1.DST,Varsha Creations
C:\Users\Asus\all pendrive design\dual hybrid\Varsha Creations\825 desgin\825 Bu-2.DST,C:\Users\Asus\embroidery-finder\dst_images\Varsha Creations_825 desgin_825 Bu-2.png,825 desgin,825 Bu-2.DST,Varsha Creations
C:\Users\Asus\all pendrive design\dual hybrid\Varsha Creations\825 desgin\825 Fr.DST,C:\Users\Asus\embroidery-finder\dst_images\Varsha Creations_825 desgin_825 Fr.png,825 desgin,825 Fr.DST,Varsha Creations
C:\Users\Asus\all pendrive design\dual hybrid\Varsha Creations\825 desgin\825 H-1.DST,C:\Users\Asus\embroidery-finder\dst_images\Varsha Creations_825 desgin_825 H-1.png,825 desgin,825 H-1.DST,Varsha Creations
C:\Users\Asus\all pendrive design\dual hybrid\Varsha Creations\825 desgin\825 H-2.DST,C:\Users\Asus\embroidery-finder\dst_images\Varsha Creations_825 desgin_825 H-2.png,825 desgin,825 H-2.DST,Varsha Creations
C:\Users\Asus\all pendrive design\dual hybrid\Varsha Creations\825 desgin\825 N-Full-1.DST,C:\Users\Asus\embroidery-finder\dst_images\Varsha Creations_825 desgin_825 N-Full-1.png,825 desgin,825 N-Full-1.DST,Varsha Creations
C:\Users\Asus\all pendrive design\dual hybrid\Varsha Creations\825 desgin\825 N-Full-2.DST,C:\Users\Asus\embroidery-finder\dst_images\Varsha Creations_825 desgin_825 N-Full-2.png,825 desgin,825 N-Full-2.DST,Varsha Creations
C:\Users\Asus\all pendrive design\dual hybrid\Varsha Creations\825 desgin\alter back desgin.DST,C:\Users\Asus\embroidery-finder\dst_images\Varsha Creations_825 desgin_alter back desgin.png,825 desgin,alter back desgin.DST,Varsha Creations
C:\Users\Asus\all pendrive design\dual hybrid\Varsha Creations\883 design\883 Butti-2.DST,C:\Users\Asus\embroidery-finder\dst_images\Varsha Creations_883 design_883 Butti-2.png,883 design,883 Butti-2.DST,Varsha Creations
C:\Users\Asus\all pendrive design\dual hybrid\Varsha Creations\883 design\883 Butti-3.DST,C:\Users\Asus\embroidery-finder\dst_images\Varsha Creations_883 design_883 Butti-3.png,883 design,883 Butti-3.DST,Varsha Creations
C:\Users\Asus\all pendrive design\dual hybrid\Varsha Creations\883 design\883 Butti-4.DST,C:\Users\Asus\embroidery-finder\dst_images\Varsha Creations_883 design_883 Butti-4.png,883 design,883 Butti-4.DST,Varsha Creations
C:\Users\Asus\all pendrive design\dual hybrid\Varsha Creations\883 design\883 Butti.DST,C:\Users\Asus\embroidery-finder\dst_images\Varsha Creations_883 design_883 Butti.png,883 design,883 Butti.DST,Varsha Creations
C:\Users\Asus\all pendrive design\dual hybrid\Varsha Creations\883 design\883 Front.DST,C:\Users\Asus\embroidery-finder\dst_images\Varsha Creations_883 design_883 Front.png,883 design,883 Front.DST,Varsha Creations
C:\Users\Asus\all pendrive design\dual hybrid\Varsha Creations\883 design\883 H-1 (3).DST,C:\Users\Asus\embroidery-finder\dst_images\Varsha Creations_883 design_883 H-1 (3).png,883 design,883 H-1 (3).DST,Varsha Creations
C:\Users\Asus\all pendrive design\dual hybrid\Varsha Creations\883 design\883 H-2.DST,C:\Users\Asus\embroidery-finder\dst_images\Varsha Creations_883 design_883 H-2.png,883 design,883 H-2.DST,Varsha Creations
C:\Users\Asus\all pendrive design\dual hybrid\Varsha Creations\883 design\883 Neck Back-2.DST,C:\Users\Asus\embroidery-finder\dst_images\Varsha Creations_883 design_883 Neck Back-2.png,883 design,883 Neck Back-2.DST,Varsha Creations
C:\Users\Asus\all pendrive design\dual hybrid\Varsha Creations\883 design\883 Neck Back.DST,C:\Users\Asus\embroidery-finder\dst_images\Varsha Creations_883 design_883 Neck Back.png,883 design,883 Neck Back.DST,Varsha Creations
C:\Users\Asus\all pendrive design\dual hybrid\Varsha Creations\883 design\883 Neck Line.DST,C:\Users\Asus\embroidery-finder\dst_images\Varsha Creations_883 design_883 Neck Line.png,883 design,883 Neck Line.DST,Varsha Creations
C:\Users\Asus\all pendrive design\dual hybrid\Varsha Creations\Ced\379 BUTI.DST,C:\Users\Asus\embroidery-finder\dst_images\Varsha Creations_Ced_379 BUTI.png,Ced,379 BUTI.DST,Varsha Creations
C:\Users\Asus\all pendrive design\dual hybrid\Varsha Creations\Ced\379 BUTI1.DST,C:\Users\Asus\embroidery-finder\dst_images\Varsha Creations_Ced_379 BUTI1.png,Ced,379 BUTI1.DST,Varsha Creations
C:\Users\Asus\all pendrive design\dual hybrid\Varsha Creations\Ced\379 FRONT.DST,C:\Users\Asus\embroidery-finder\dst_images\Varsha Creations_Ced_379 FRONT.png,Ced,379 FRONT.DST,Varsha Creations
C:\Users\Asus\all pendrive design\dual hybrid\Varsha Creations\Ced\379 HAND BIG.DST,C:\Users\Asus\embroidery-finder\dst_images\Varsha Creations_Ced_379 HAND BIG.png,Ced,379 HAND BIG.DST,Varsha Creations
C:\Users\Asus\all pendrive design\dual hybrid\Varsha Creations\Ced\379 HAND MED V3-1.DST,C:\Users\Asus\embroidery-finder\dst_images\Varsha Creations_Ced_379 HAND MED V3-1.png,Ced,379 HAND MED V3-1.DST,Varsha Creations
C:\Users\Asus\all pendrive design\dual hybrid\Varsha Creations\Ced\379 HAND MED V3-2.DST,C:\Users\Asus\embroidery-finder\dst_images\Varsha Creations_Ced_379 HAND MED V3-2.png,Ced,379 HAND MED V3-2.DST,Varsha Creations
C:\Users\Asus\all pendrive design\dual hybrid\Varsha Creations\Ced\379 HAND MEDIUM.DST,C:\Users\Asus\embroidery-finder\dst_images\Varsha Creations_Ced_379 HAND MEDIUM.png,Ced,379 HAND MEDIUM.DST,Varsha Creations
C:\Users\Asus\all pendrive design\dual hybrid\Varsha Creations\Ced\379 HAND SMALL.DST,C:\Users\Asus\embroidery-finder\dst_images\Varsha Creations_Ced_379 HAND SMALL.png,Ced,379 HAND SMALL.DST,Varsha Creations
C:\Users\Asus\all pendrive design\dual hybrid\Varsha Creations\Ced\379 NECK FULL.DST,C:\Users\Asus\embroidery-finder\dst_images\Varsha Creations_Ced_379 NECK FULL.png,Ced,379 NECK FULL.DST,Varsha Creations
C:\Users\Asus\all pendrive design\dual hybrid\Varsha Creations\Ced 905\905 Bu-1.DST,C:\Users\Asus\embroidery-finder\dst_images\Varsha Creations_Ced 905_905 Bu-1.png,Ced 905,905 Bu-1.DST,Varsha Creations
C:\Users\Asus\all pendrive design\dual hybrid\Varsha Creations\Ced 905\905 Bu-2.DST,C:\Users\Asus\embroidery-finder\dst_images\Varsha Creations_Ced 905_905 Bu-2.png,Ced 905,905 Bu-2.DST,Varsha Creations
C:\Users\Asus\all pendrive design\dual hybrid\Varsha Creations\Ced 905\905 Fr.DST,C:\Users\Asus\embroidery-finder\dst_images\Varsha Creations_Ced 905_905 Fr.png,Ced 905,905 Fr.DST,Varsha Creations
C:\Users\Asus\all pendrive design\dual hybrid\Varsha Creations\Ced 905\905 H-1.DST,C:\Users\Asus\embroidery-finder\dst_images\Varsha Creations_Ced 905_905 H-1.png,Ced 905,905 H-1.DST,Varsha Creations
C:\Users\Asus\all pendrive design\dual hybrid\Varsha Creations\Ced 905\905 H-2.DST,C:\Users\Asus\embroidery-finder\dst_images\Varsha Creations_Ced 905_905 H-2.png,Ced 905,905 H-2.DST,Varsha Creations
C:\Users\Asus\all pendrive design\dual hybrid\Varsha Creations\Ced 905\905 H-3Bot.DST,C:\Users\Asus\embroidery-finder\dst_images\Varsha Creations_Ced 905_905 H-3Bot.png,Ced 905,905 H-3Bot.DST,Varsha Creations
C:\Users\Asus\all pendrive design\dual hybrid\Varsha Creations\Ced 905\905 H-3Full.DST,C:\Users\Asus\embroidery-finder\dst_images\Varsha Creations_Ced 905_905 H-3Full.png,Ced 905,905 H-3Full.DST,Varsha Creations
C:\Users\Asus\all pendrive design\dual hybrid\Varsha Creations\Ced 905\905 H-3Top.DST,C:\Users\Asus\embroidery-finder\dst_images\Varsha Creations_Ced 905_905 H-3Top.png,Ced 905,905 H-3Top.DST,Varsha Creations
C:\Users\Asus\all pendrive design\dual hybrid\Varsha Creations\Ced 905\905 N-Full.DST,C:\Users\Asus\embroidery-finder\dst_images\Varsha Creations_Ced 905_905 N-Full.png,Ced 905,905 N-Full.DST,Varsha Creations
C:\Users\Asus\all pendrive design\dual hybrid\Varsha Creations\Ced kurti design\1.DST,C:\Users\Asus\embroidery-finder\dst_images\Varsha Creations_Ced kurti design_1.png,Ced kurti design,1.DST,Varsha Creations
C:\Users\Asus\all pendrive design\dual hybrid\Varsha Creations\SVC 2959\2959 Bu-1.DST,C:\Users\Asus\embroidery-finder\dst_images\Varsha Creations_SVC 2959_2959 Bu-1.png,SVC 2959,2959 Bu-1.DST,Varsha Creations
C:\Users\Asus\all pendrive design\dual hybrid\Varsha Creations\SVC 2959\2959 Bu-2.DST,C:\Users\Asus\embroidery-finder\dst_images\Varsha Creations_SVC 2959_2959 Bu-2.png,SVC 2959,2959 Bu-2.DST,Varsha Creations
C:\Users\Asus\all pendrive design\dual hybrid\Varsha Creations\SVC 2959\2959 Bu-3.DST,C:\Users\Asus\embroidery-finder\dst_images\Varsha Creations_SVC 2959_2959 Bu-3.png,SVC 2959,2959 Bu-3.DST,Varsha Creations
C:\Users\Asus\all pendrive design\dual hybrid\Varsha Creations\SVC 2959\2959 Bu-4.DST,C:\Users\Asus\embroidery-finder\dst_images\Varsha Creations_SVC 2959_2959 Bu-4.png,SVC 2959,2959 Bu-4.DST,Varsha Creations
C:\Users\Asus\all pendrive design\dual hybrid\Varsha Creations\SVC 2959\2959 Fr-1.DST,C:\Users\Asus\embroidery-finder\dst_images\Varsha Creations_SVC 2959_2959 Fr-1.png,SVC 2959,2959 Fr-1.DST,Varsha Creations
C:\Users\Asus\all pendrive design\dual hybrid\Varsha Creations\SVC 2959\2959 Fr-2.DST,C:\Users\Asus\embroidery-finder\dst_images\Varsha Creations_SVC 2959_2959 Fr-2.png,SVC 2959,2959 Fr-2.DST,Varsha Creations
C:\Users\Asus\all pendrive design\dual hybrid\Varsha Creations\SVC 2959\2959 H-1.DST,C:\Users\Asus\embroidery-finder\dst_images\Varsha Creations_SVC 2959_2959 H-1.png,SVC 2959,2959 H-1.DST,Varsha Creations
C:\Users\Asus\all pendrive design\dual hybrid\Varsha Creations\SVC 2959\2959 H-2-Bot.DST,C:\Users\Asus\embroidery-finder\dst_images\Varsha Creations_SVC 2959_2959 H-2-Bot.png,SVC 2959,2959 H-2-Bot.DST,Varsha Creations
C:\Users\Asus\all pendrive design\dual hybrid\Varsha Creations\SVC 2959\2959 H-2-Top.DST,C:\Users\Asus\embroidery-finder\dst_images\Varsha Creations_SVC 2959_2959 H-2-Top.png,SVC 2959,2959 H-2-Top.DST,Varsha Creations
C:\Users\Asus\all pendrive design\dual hybrid\Varsha Creations\SVC 2959\2959 H-2Full.DST,C:\Users\Asus\embroidery-finder\dst_images\Varsha Creations_SVC 2959_2959 H-2Full.png,SVC 2959,2959 H-2Full.DST,Varsha Creations
C:\Users\Asus\all pendrive design\dual hybrid\Varsha Creations\SVC 2959\2959 H-3Full.DST,C:\Users\Asus\embroidery-finder\dst_images\Varsha Creations_SVC 2959_2959 H-3Full.png,SVC 2959,2959 H-3Full.DST,Varsha Creations
C:\Users\Asus\all pendrive design\dual hybrid\Varsha Creations\SVC 2959\2959 N-Full.DST,C:\Users\Asus\embroidery-finder\dst_images\Varsha Creations_SVC 2959_2959 N-Full.png,SVC 2959,2959 N-Full.DST,Varsha Creations
C:\Users\Asus\all pendrive design\dual hybrid\Varsha Creations\SVC 3843\3843 Bu-1.DST,C:\Users\Asus\embroidery-finder\dst_images\Varsha Creations_SVC 3843_3843 Bu-1.png,SVC 3843,3843 Bu-1.DST,Varsha Creations
C:\Users\Asus\all pendrive design\dual hybrid\Varsha Creations\SVC 3843\3843 Bu-2.DST,C:\Users\Asus\embroidery-finder\dst_images\Varsha Creations_SVC 3843_3843 Bu-2.png,SVC 3843,3843 Bu-2.DST,Varsha Creations
C:\Users\Asus\all pendrive design\dual hybrid\Varsha Creations\SVC 3843\3843 Bu-3.DST,C:\Users\Asus\embroidery-finder\dst_images\Varsha Creations_SVC 3843_3843 Bu-3.png,SVC 3843,3843 Bu-3.DST,Varsha Creations
C:\Users\Asus\all pendrive design\dual hybrid\Varsha Creations\SVC 3843\3843 Bu-4.DST,C:\Users\Asus\embroidery-finder\dst_images\Varsha Creations_SVC 3843_3843 Bu-4.png,SVC 3843,3843 Bu-4.DST,Varsha Creations
C:\Users\Asus\all pendrive design\dual hybrid\Varsha Creations\SVC 3843\3843 Bu-5.DST,C:\Users\Asus\embroidery-finder\dst_images\Varsha Creations_SVC 3843_3843 Bu-5.png,SVC 3843,3843 Bu-5.DST,Varsha Creations
C:\Users\Asus\all pendrive design\dual hybrid\Varsha Creations\SVC 3843\3843 Fr.DST,C:\Users\Asus\embroidery-finder\dst_images\Varsha Creations_SVC 3843_3843 Fr.png,SVC 3843,3843 Fr.DST,Varsha Creations
C:\Users\Asus\all pendrive design\dual hybrid\Varsha Creations\SVC 3843\3843 H-1.DST,C:\Users\Asus\embroidery-finder\dst_images\Varsha Creations_SVC 3843_3843 H-1.png,SVC 3843,3843 H-1.DST,Varsha Creations
C:\Users\Asus\all pendrive design\dual hybrid\Varsha Creations\SVC 3843\3843 H-2.DST,C:\Users\Asus\embroidery-finder\dst_images\Varsha Creations_SVC 3843_3843 H-2.png,SVC 3843,3843 H-2.DST,Varsha Creations
C:\Users\Asus\all pendrive design\dual hybrid\Varsha Creations\SVC 3843\3843 H-2A.DST,C:\Users\Asus\embroidery-finder\dst_images\Varsha Creations_SVC 3843_3843 H-2A.png,SVC 3843,3843 H-2A.DST,Varsha Creations
C:\Users\Asus\all pendrive design\dual hybrid\Varsha Creations\SVC 3843\3843 H-3-Bot.DST,C:\Users\Asus\embroidery-finder\dst_images\Varsha Creations_SVC 3843_3843 H-3-Bot.png,SVC 3843,3843 H-3-Bot.DST,Varsha Creations
C:\Users\Asus\all pendrive design\dual hybrid\Varsha Creations\SVC 3843\3843 H-3-Top.DST,C:\Users\Asus\embroidery-finder\dst_images\Varsha Creations_SVC 3843_3843 H-3-Top.png,SVC 3843,3843 H-3-Top.DST,Varsha Creations
C:\Users\Asus\all pendrive design\dual hybrid\Varsha Creations\SVC 3843\3843 H-3Full.DST,C:\Users\Asus\embroidery-finder\dst_images\Varsha Creations_SVC 3843_3843 H-3Full.png,SVC 3843,3843 H-3Full.DST,Varsha Creations
C:\Users\Asus\all pendrive design\dual hybrid\Varsha Creations\SVC 3843\3843 N-Full-Bu.DST,C:\Users\Asus\embroidery-finder\dst_images\Varsha Creations_SVC 3843_3843 N-Full-Bu.png,SVC 3843,3843 N-Full-Bu.DST,Varsha Creations
C:\Users\Asus\all pendrive design\dual hybrid\Varsha Creations\SVC 3843\3843 N-Full.DST,C:\Users\Asus\embroidery-finder\dst_images\Varsha Creations_SVC 3843_3843 N-Full.png,SVC 3843,3843 N-Full.DST,Varsha Creations
C:\Users\Asus\all pendrive design\dual hybrid\Varsha Creations\SVC 6415 BIG DST ZIP\11- BACK.DST,C:\Users\Asus\embroidery-finder\dst_images\Varsha Creations_SVC 6415 BIG DST ZIP_11- BACK.png,SVC 6415 BIG DST ZIP,11- BACK.DST,Varsha Creations
C:\Users\Asus\all pendrive design\dual hybrid\Varsha Creations\SVC 6415 BIG DST ZIP\6415 Bu-1.DST,C:\Users\Asus\embroidery-finder\dst_images\Varsha Creations_SVC 6415 BIG DST ZIP_6415 Bu-1.png,SVC 6415 BIG DST ZIP,6415 Bu-1.DST,Varsha Creations
C:\Users\Asus\all pendrive design\dual hybrid\Varsha Creations\SVC 6415 BIG DST ZIP\6415 Bu-2.DST,C:\Users\Asus\embroidery-finder\dst_images\Varsha Creations_SVC 6415 BIG DST ZIP_6415 Bu-2.png,SVC 6415 BIG DST ZIP,6415 Bu-2.DST,Varsha Creations
C:\Users\Asus\all pendrive design\dual hybrid\Varsha Creations\SVC 6415 BIG DST ZIP\6415 Fr-1.DST,C:\Users\Asus\embroidery-finder\dst_images\Varsha Creations_SVC 6415 BIG DST ZIP_6415 Fr-1.png,SVC 6415 BIG DST ZIP,6415 Fr-1.DST,Varsha Creations
C:\Users\Asus\all pendrive design\dual hybrid\Varsha Creations\SVC 6415 BIG DST ZIP\6415 Fr-2.DST,C:\Users\Asus\embroidery-finder\dst_images\Varsha Creations_SVC 6415 BIG DST ZIP_6415 Fr-2.png,SVC 6415 BIG DST ZIP,6415 Fr-2.DST,Varsha Creations
C:\Users\Asus\all pendrive design\dual hybrid\Varsha Creations\SVC 6415 BIG DST ZIP\6415 H-1.DST,C:\Users\Asus\embroidery-finder\dst_images\Varsha Creations_SVC 6415 BIG DST ZIP_6415 H-1.png,SVC 6415 BIG DST ZIP,6415 H-1.DST,Varsha Creations
C:\Users\Asus\all pendrive design\dual hybrid\Varsha Creations\SVC 6415 BIG DST ZIP\6415 H-2-Bot.DST,C:\Users\Asus\embroidery-finder\dst_images\Varsha Creations_SVC 6415 BIG DST ZIP_6415 H-2-Bot.png,SVC 6415 BIG DST ZIP,6415 H-2-Bot.DST,Varsha Creations
C:\Users\Asus\all pendrive design\dual hybrid\Varsha Creations\SVC 6415 BIG DST ZIP\6415 H-3Full.DST,C:\Users\Asus\embroidery-finder\dst_images\Varsha Creations_SVC 6415 BIG DST ZIP_6415 H-3Full.png,SVC 6415 BIG DST ZIP,6415 H-3Full.DST,Varsha Creations
C:\Users\Asus\all pendrive design\dual hybrid\Varsha Creations\SVC 6415 BIG DST ZIP\6415 N-Boat Full set.DST,C:\Users\Asus\embroidery-finder\dst_images\Varsha Creations_SVC 6415 BIG DST ZIP_6415 N-Boat Full set.png,SVC 6415 BIG DST ZIP,6415 N-Boat Full set.DST,Varsha Creations
C:\Users\Asus\all pendrive design\dual hybrid\Varsha Creations\SVC 6415 BIG DST ZIP\6415 N-Boat VBB Big.DST,C:\Users\Asus\embroidery-finder\dst_images\Varsha Creations_SVC 6415 BIG DST ZIP_6415 N-Boat VBB Big.png,SVC 6415 BIG DST ZIP,6415 N-Boat VBB Big.DST,Varsha Creations
C:\Users\Asus\all pendrive design\dual hybrid\Varsha Creations\SVC 6415 BIG DST ZIP\6415 N-C.DST,C:\Users\Asus\embroidery-finder\dst_images\Varsha Creations_SVC 6415 BIG DST ZIP_6415 N-C.png,SVC 6415 BIG DST ZIP,6415 N-C.DST,Varsha Creations
C:\Users\Asus\all pendrive design\dual hybrid\Varsha Creations\SVC 6415 BIG DST ZIP\6415 N-Full.DST,C:\Users\Asus\embroidery-finder\dst_images\Varsha Creations_SVC 6415 BIG DST ZIP_6415 N-Full.png,SVC 6415 BIG DST ZIP,6415 N-Full.DST,Varsha Creations
C:\Users\Asus\all pendrive design\dual hybrid\Varsha Creations\SVC 6415 BIG DST ZIP\7inch- hand.DST,C:\Users\Asus\embroidery-finder\dst_images\Varsha Creations_SVC 6415 BIG DST ZIP_7inch- hand.png,SVC 6415 BIG DST ZIP,7inch- hand.DST,Varsha Creations
C:\Users\Asus\all pendrive design\dual hybrid\Varsha Creations\SVC_5385_BIG_DST\5-6.2-10.DST,C:\Users\Asus\embroidery-finder\dst_images\Varsha Creations_SVC_5385_BIG_DST_5-6.2-10.png,SVC_5385_BIG_DST,5-6.2-10.DST,Varsha Creations
C:\Users\Asus\all pendrive design\dual hybrid\Varsha Creations\SVC_5385_BIG_DST\5.3-7.2-11.DST,C:\Users\Asus\embroidery-finder\dst_images\Varsha Creations_SVC_5385_BIG_DST_5.3-7.2-11.png,SVC_5385_BIG_DST,5.3-7.2-11.DST,Varsha Creations
C:\Users\Asus\all pendrive design\dual hybrid\Varsha Creations\SVC_5385_BIG_DST\5385 Bu-1.DST,C:\Users\Asus\embroidery-finder\dst_images\Varsha Creations_SVC_5385_BIG_DST_5385 Bu-1.png,SVC_5385_BIG_DST,5385 Bu-1.DST,Varsha Creations
C:\Users\Asus\all pendrive design\dual hybrid\Varsha Creations\SVC_5385_BIG_DST\5385 Bu-2.DST,C:\Users\Asus\embroidery-finder\dst_images\Varsha Creations_SVC_5385_BIG_DST_5385 Bu-2.png,SVC_5385_BIG_DST,5385 Bu-2.DST,Varsha Creations
C:\Users\Asus\all pendrive design\dual hybrid\Varsha Creations\SVC_5385_BIG_DST\5385 Fr  St-13400.DST,C:\Users\Asus\embroidery-finder\dst_images\Varsha Creations_SVC_5385_BIG_DST_5385 Fr  St-13400.png,SVC_5385_BIG_DST,5385 Fr  St-13400.DST,Varsha Creations
C:\Users\Asus\all pendrive design\dual hybrid\Varsha Creations\SVC_5385_BIG_DST\5385 Fr-cross.DST,C:\Users\Asus\embroidery-finder\dst_images\Varsha Creations_SVC_5385_BIG_DST_5385 Fr-cross.png,SVC_5385_BIG_DST,5385 Fr-cross.DST,Varsha Creations
C:\Users\Asus\all pendrive design\dual hybrid\Varsha Creations\SVC_5385_BIG_DST\5385 H-1  St-17200.DST,C:\Users\Asus\embroidery-finder\dst_images\Varsha Creations_SVC_5385_BIG_DST_5385 H-1  St-17200.png,SVC_5385_BIG_DST,5385 H-1  St-17200.DST,Varsha Creations
C:\Users\Asus\all pendrive design\dual hybrid\Varsha Creations\SVC_5385_BIG_DST\5385 H-2  St-18100.DST,C:\Users\Asus\embroidery-finder\dst_images\Varsha Creations_SVC_5385_BIG_DST_5385 H-2  St-18100.png,SVC_5385_BIG_DST,5385 H-2  St-18100.DST,Varsha Creations
C:\Users\Asus\all pendrive design\dual hybrid\Varsha Creations\SVC_5385_BIG_DST\5385 H-3  St-26100.DST,C:\Users\Asus\embroidery-finder\dst_images\Varsha Creations_SVC_5385_BIG_DST_5385 H-3  St-26100.png,SVC_5385_BIG_DST,5385 H-3  St-26100.DST,Varsha Creations
C:\Users\Asus\all pendrive design\dual hybrid\Varsha Creations\SVC_5385_BIG_DST\5385 H-4Full  St-27300.DST,C:\Users\Asus\embroidery-finder\dst_images\Varsha Creations_SVC_5385_BIG_DST_5385 H-4Full  St-27300.png,SVC_5385_BIG_DST,5385 H-4Full  St-27300.DST,Varsha Creations
C:\Users\Asus\all pendrive design\dual hybrid\Varsha Creations\SVC_5385_BIG_DST\5385 N-Full  St-37100.DST,C:\Users\Asus\embroidery-finder\dst_images\Varsha Creations_SVC_5385_BIG_DST_5385 N-Full  St-37100.png,SVC_5385_BIG_DST,5385 N-Full  St-37100.DST,Varsha Creations
C:\Users\Asus\all pendrive design\dual hybrid\Varsha Creations\SVC_5385_BIG_DST\5385 N-Full-Bu  St-38700.DST,C:\Users\Asus\embroidery-finder\dst_images\Varsha Creations_SVC_5385_BIG_DST_5385 N-Full-Bu  St-38700.png,SVC_5385_BIG_DST,5385 N-Full-Bu  St-38700.DST,Varsha Creations
